player,during_hot,next_game_stat,regression,next_opp,next_location,opp_def_tier,opp_3p_pct_allowed,opp_pace,minutes_trend,was_blowout_recent
AJ Green,4.666666666666667,4.0,0.666666666666667,BOS,home,Elite (top 10),0.347,96.59,2.9132420091324214,False
AJ Green,4.0,0.0,4.0,ORL,away,Bad (21-30),0.365,96.51,-0.08675799086757863,True
Aaron Gordon,3.3333333333333335,1.0,2.3333333333333335,OKC,away,Elite (top 10),0.342,100.9,3.627450980392158,False
Aaron Gordon,3.0,2.0,1.0,LAL,home,Elite (top 10),0.356,98.34,-2.0392156862745097,False
Aaron Gordon,3.3333333333333335,4.0,-0.6666666666666665,GSW,away,Mid (11-20),0.363,99.37,-2.705882352941174,True
Aaron Gordon,3.6666666666666665,1.0,2.6666666666666665,POR,away,Mid (11-20),0.361,99.51,4.2941176470588225,True
Aaron Gordon,3.3333333333333335,1.0,2.3333333333333335,HOU,away,Mid (11-20),0.357,99.03,4.627450980392158,False
Aaron Nesmith,3.6666666666666665,2.0,1.6666666666666665,ATL,away,Bad (21-30),0.377,103.41,7.711111111111109,False
Aaron Nesmith,3.3333333333333335,3.0,0.3333333333333335,DAL,home,Mid (11-20),0.363,100.15,6.711111111111112,True
Aaron Nesmith,4.0,2.0,2.0,BKN,home,Mid (11-20),0.362,96.73,8.044444444444444,False
Aaron Nesmith,3.6666666666666665,2.0,1.6666666666666665,BKN,home,Mid (11-20),0.362,96.73,10.37777777777778,False
Aaron Wiggins,3.3333333333333335,4.0,-0.6666666666666665,NOP,home,Bad (21-30),0.365,99.77,9.013157894736842,False
Aaron Wiggins,4.333333333333333,1.0,3.333333333333333,MIA,home,Mid (11-20),0.36,97.08,9.013157894736842,True
Aaron Wiggins,4.333333333333333,2.0,2.333333333333333,MIN,away,Elite (top 10),0.353,97.95,7.346491228070175,False
Aaron Wiggins,3.3333333333333335,2.0,1.3333333333333335,HOU,home,Mid (11-20),0.357,99.03,3.3464912280701746,False
Aaron Wiggins,3.3333333333333335,3.0,0.3333333333333335,MEM,away,Mid (11-20),0.36,103.69,2.0131578947368425,False
Aaron Wiggins,3.3333333333333335,2.0,1.3333333333333335,POR,home,Mid (11-20),0.361,99.51,3.3464912280701746,True
Aaron Wiggins,3.3333333333333335,2.0,1.3333333333333335,HOU,away,Mid (11-20),0.357,99.03,4.346491228070175,False
Al Horford,3.6666666666666665,2.0,1.6666666666666665,MIN,home,Elite (top 10),0.353,97.95,2.333333333333332,True
Al Horford,3.6666666666666665,0.0,3.6666666666666665,CHI,away,Elite (top 10),0.344,103.61,4.9999999999999964,False
Alec Burks,4.666666666666667,1.0,3.666666666666667,WAS,away,Mid (11-20),0.364,101.82,2.3469387755102034,False
Alec Burks,3.6666666666666665,4.0,-0.3333333333333335,NOP,away,Bad (21-30),0.365,99.77,4.346938775510203,False
Alex Caruso,2.6666666666666665,0.0,2.6666666666666665,MIA,home,Mid (11-20),0.36,97.08,2.4074074074074083,True
Alex Sarr,3.0,2.0,1.0,NYK,home,Bad (21-30),0.367,97.64,3.2288557213930353,False
Alex Sarr,3.0,3.0,0.0,POR,away,Mid (11-20),0.361,99.51,1.2288557213930353,False
Alex Sarr,3.6666666666666665,4.0,-0.3333333333333335,UTA,away,Mid (11-20),0.358,100.85,0.8955223880597032,False
Alex Sarr,4.0,3.0,1.0,ORL,home,Bad (21-30),0.365,96.51,-1.437810945273629,False
Alex Sarr,3.3333333333333335,0.0,3.3333333333333335,NYK,away,Bad (21-30),0.367,97.64,-2.7711442786069647,True
Amir Coffey,3.0,1.0,2.0,TOR,home,Elite (top 10),0.349,100.62,2.3888888888888893,False
Amir Coffey,3.3333333333333335,1.0,2.3333333333333335,MIN,home,Elite (top 10),0.353,97.95,-2.6111111111111107,False
Amir Coffey,3.0,1.0,2.0,DEN,away,Bad (21-30),0.365,100.67,-1.2777777777777786,True
Amir Coffey,3.6666666666666665,1.0,2.6666666666666665,MIN,away,Elite (top 10),0.353,97.95,6.388888888888889,True
Amir Coffey,3.3333333333333335,0.0,3.3333333333333335,DEN,away,Bad (21-30),0.365,100.67,3.7222222222222214,False
Amir Coffey,3.3333333333333335,0.0,3.3333333333333335,MEM,home,Mid (11-20),0.36,103.69,-0.27777777777777857,False
Amir Coffey,3.0,0.0,3.0,MIL,away,Elite (top 10),0.353,99.92,-1.2777777777777786,False
Andrew Nembhard,1.6666666666666667,1.0,0.6666666666666667,OKC,home,Elite (top 10),0.342,100.9,-0.6358974358974372,False
Andrew Nembhard,1.6666666666666667,0.0,1.6666666666666667,POR,away,Mid (11-20),0.361,99.51,1.6974358974358985,False
Andrew Nembhard,1.6666666666666667,1.0,0.6666666666666667,ATL,away,Bad (21-30),0.377,103.41,5.030769230769231,False
Andrew Wiggins,3.6666666666666665,2.0,1.6666666666666665,HOU,away,Mid (11-20),0.357,99.03,-5.683333333333334,False
Anthony Black,2.0,1.0,1.0,DAL,home,Mid (11-20),0.363,100.15,4.53846153846154,True
Anthony Black,2.0,1.0,1.0,SAC,home,Bad (21-30),0.381,98.91,4.53846153846154,False
Antonio Reeves,3.0,1.0,2.0,LAC,away,Elite (top 10),0.35,98.24,8.666666666666668,False
Antonio Reeves,2.6666666666666665,4.0,-1.3333333333333335,BKN,away,Mid (11-20),0.362,96.73,16.0,False
Antonio Reeves,3.6666666666666665,2.0,1.6666666666666665,MIL,away,Elite (top 10),0.353,99.92,15.0,False
Antonio Reeves,3.6666666666666665,2.0,1.6666666666666665,MIA,home,Mid (11-20),0.36,97.08,19.666666666666664,False
Antonio Reeves,2.6666666666666665,0.0,2.6666666666666665,OKC,home,Elite (top 10),0.342,100.9,18.666666666666664,True
Ayo Dosunmu,2.6666666666666665,3.0,-0.3333333333333335,CHA,home,Elite (top 10),0.355,98.22,3.7173913043478244,True
Ayo Dosunmu,2.6666666666666665,1.0,1.6666666666666665,TOR,away,Elite (top 10),0.349,100.62,2.7173913043478244,False
Ayo Dosunmu,2.6666666666666665,2.0,0.6666666666666665,BOS,away,Elite (top 10),0.347,96.59,-1.9492753623188435,True
Ayo Dosunmu,2.6666666666666665,2.0,0.6666666666666665,TOR,away,Elite (top 10),0.349,100.62,1.0507246376811565,True
Ayo Dosunmu,2.6666666666666665,2.0,0.6666666666666665,DET,away,Bad (21-30),0.366,100.27,3.3840579710144887,False
Ben Sheppard,3.0,1.0,2.0,DAL,away,Mid (11-20),0.363,100.15,6.1269841269841265,False
Ben Sheppard,2.6666666666666665,2.0,0.6666666666666665,ORL,home,Bad (21-30),0.365,96.51,4.1269841269841265,False
Ben Sheppard,3.0,0.0,3.0,CHA,away,Elite (top 10),0.355,98.22,0.7936507936507908,False
Ben Sheppard,2.3333333333333335,0.0,2.3333333333333335,WAS,away,Mid (11-20),0.364,101.82,-0.5396825396825413,False
Bennedict Mathurin,3.3333333333333335,1.0,2.3333333333333335,ORL,away,Bad (21-30),0.365,96.51,7.138888888888889,True
Bennedict Mathurin,3.3333333333333335,0.0,3.3333333333333335,MIA,home,Mid (11-20),0.36,97.08,7.472222222222225,False
Bennedict Mathurin,2.6666666666666665,1.0,1.6666666666666665,MIA,home,Mid (11-20),0.36,97.08,5.138888888888889,True
Bennedict Mathurin,2.6666666666666665,0.0,2.6666666666666665,TOR,away,Elite (top 10),0.349,100.62,6.805555555555554,False
Bennedict Mathurin,2.6666666666666665,0.0,2.6666666666666665,PHI,home,Bad (21-30),0.378,98.13,2.8055555555555536,False
Bobby Portis,3.0,0.0,3.0,BKN,home,Mid (11-20),0.362,96.73,2.632653061224488,False
Bogdan Bogdanović,3.3333333333333335,0.0,3.3333333333333335,NYK,home,Bad (21-30),0.367,97.64,10.740740740740737,True
Brandin Podziemski,4.0,2.0,2.0,MIA,away,Mid (11-20),0.36,97.08,6.458333333333336,False
Brandin Podziemski,5.0,4.0,1.0,DEN,home,Bad (21-30),0.365,100.67,3.458333333333332,False
Brandin Podziemski,4.0,4.0,0.0,HOU,home,Mid (11-20),0.357,99.03,6.458333333333336,False
Brandin Podziemski,5.333333333333333,4.0,1.333333333333333,PHX,away,Bad (21-30),0.37,98.31,7.458333333333336,True
Brandin Podziemski,4.0,1.0,3.0,SAS,home,Bad (21-30),0.365,100.08,2.791666666666668,True
Brandon Boston,2.3333333333333335,0.0,2.3333333333333335,CLE,away,Mid (11-20),0.359,100.31,10.999999999999996,False
Brandon Boston,2.3333333333333335,1.0,1.3333333333333335,HOU,away,Mid (11-20),0.357,99.03,4.666666666666664,False
Brice Sensabaugh,5.0,2.0,3.0,CHA,home,Elite (top 10),0.355,98.22,6.788732394366196,False
Brice Sensabaugh,4.666666666666667,6.0,-1.333333333333333,MIN,away,Elite (top 10),0.353,97.95,12.788732394366196,True
Brook Lopez,3.6666666666666665,2.0,1.6666666666666665,CHI,home,Elite (top 10),0.344,103.61,4.841666666666665,False
Brook Lopez,3.3333333333333335,1.0,2.3333333333333335,DET,away,Bad (21-30),0.366,100.27,2.5083333333333364,False
Brook Lopez,3.3333333333333335,0.0,3.3333333333333335,IND,away,Elite (top 10),0.355,100.76,4.175000000000001,False
Brook Lopez,3.3333333333333335,1.0,2.3333333333333335,ORL,away,Bad (21-30),0.365,96.51,-1.8249999999999993,False
Brook Lopez,3.3333333333333335,1.0,2.3333333333333335,NYK,away,Bad (21-30),0.367,97.64,1.841666666666665,False
Bruce Brown,1.6666666666666667,0.0,1.6666666666666667,ATL,away,Bad (21-30),0.377,103.41,-0.7723577235772332,False
Bruce Brown,1.6666666666666667,3.0,-1.3333333333333333,MIN,away,Elite (top 10),0.353,97.95,3.894308943089431,False
Bruce Brown,2.3333333333333335,1.0,1.3333333333333335,DET,away,Bad (21-30),0.366,100.27,0.560975609756099,True
Bruce Brown,2.6666666666666665,2.0,0.6666666666666665,GSW,home,Mid (11-20),0.363,99.37,6.894308943089431,False
Bruce Brown,2.0,0.0,2.0,CHA,home,Elite (top 10),0.355,98.22,7.227642276422767,False
Bub Carrington,4.0,2.0,2.0,SAS,home,Bad (21-30),0.365,100.08,6.382113821138212,True
Bub Carrington,3.3333333333333335,4.0,-0.6666666666666665,IND,home,Elite (top 10),0.355,100.76,4.048780487804876,False
Bub Carrington,3.6666666666666665,0.0,3.6666666666666665,MIL,home,Elite (top 10),0.353,99.92,7.048780487804876,False
Bub Carrington,4.666666666666667,1.0,3.666666666666667,BOS,away,Elite (top 10),0.347,96.59,8.71544715447154,False
Bub Carrington,4.333333333333333,2.0,2.333333333333333,IND,away,Elite (top 10),0.355,100.76,9.71544715447154,True
Bub Carrington,3.3333333333333335,2.0,1.3333333333333335,PHI,home,Bad (21-30),0.378,98.13,10.382113821138212,False
Buddy Hield,5.0,4.0,1.0,NOP,home,Bad (21-30),0.365,99.77,2.8983739837398375,False
Buddy Hield,5.666666666666667,3.0,2.666666666666667,WAS,away,Mid (11-20),0.364,101.82,7.23170731707317,False
Caleb Martin,3.3333333333333335,1.0,2.3333333333333335,UTA,away,Mid (11-20),0.358,100.85,4.266666666666666,False
Caleb Martin,3.6666666666666665,1.0,2.6666666666666665,POR,away,Mid (11-20),0.361,99.51,6.599999999999998,False
Caleb Martin,3.0,2.0,1.0,SAC,away,Bad (21-30),0.381,98.91,10.26666666666667,True
Cam Whitmore,3.0,2.0,1.0,DEN,away,Bad (21-30),0.365,100.67,1.7450980392156872,False
Cameron Johnson,6.333333333333333,3.0,3.333333333333333,SAC,away,Bad (21-30),0.381,98.91,3.4210526315789487,False
Cameron Johnson,6.0,1.0,5.0,GSW,away,Mid (11-20),0.363,99.37,4.421052631578949,False
Cameron Payne,2.6666666666666665,5.0,-2.3333333333333335,WAS,home,Mid (11-20),0.364,101.82,2.541666666666668,False
Cameron Payne,3.3333333333333335,2.0,1.3333333333333335,PHX,away,Bad (21-30),0.37,98.31,4.541666666666668,True
Cameron Payne,3.3333333333333335,3.0,0.3333333333333335,UTA,away,Mid (11-20),0.358,100.85,6.875,False
Cameron Payne,3.3333333333333335,2.0,1.3333333333333335,DEN,away,Bad (21-30),0.365,100.67,11.541666666666668,False
Cameron Payne,2.6666666666666665,4.0,-1.3333333333333335,MIN,home,Elite (top 10),0.353,97.95,-3.458333333333334,False
Cameron Payne,2.6666666666666665,3.0,-0.3333333333333335,ATL,home,Bad (21-30),0.377,103.41,-3.791666666666666,False
Cameron Payne,3.0,0.0,3.0,BKN,away,Mid (11-20),0.362,96.73,-4.458333333333334,False
Caris LeVert,3.3333333333333335,1.0,2.3333333333333335,GSW,home,Mid (11-20),0.363,99.37,1.7916666666666679,False
Chet Holmgren,3.3333333333333335,0.0,3.3333333333333335,PHX,away,Bad (21-30),0.37,98.31,-0.4375,False
Chris Boucher,3.6666666666666665,3.0,0.6666666666666665,GSW,home,Mid (11-20),0.363,99.37,-0.28000000000000114,False
Chris Boucher,4.0,1.0,3.0,BOS,home,Elite (top 10),0.347,96.59,5.719999999999999,False
Chris Boucher,3.0,1.0,2.0,WAS,away,Mid (11-20),0.364,101.82,1.7199999999999989,True
Chris Paul,3.0,3.0,0.0,MIN,home,Elite (top 10),0.353,97.95,1.060975609756099,True
Chris Paul,3.0,2.0,1.0,LAC,away,Elite (top 10),0.35,98.24,2.394308943089431,False
Chris Paul,3.0,1.0,2.0,MEM,home,Mid (11-20),0.36,103.69,2.394308943089431,False
Chris Paul,3.3333333333333335,0.0,3.3333333333333335,TOR,away,Elite (top 10),0.349,100.62,-1.605691056910569,False
Cody Martin,2.3333333333333335,1.0,1.3333333333333335,BOS,home,Elite (top 10),0.347,96.59,2.867924528301888,False
Cody Martin,2.3333333333333335,1.0,1.3333333333333335,BOS,home,Elite (top 10),0.347,96.59,3.867924528301888,False
Cody Martin,2.0,0.0,2.0,MIN,away,Elite (top 10),0.353,97.95,1.20125786163522,False
Cody Martin,2.0,1.0,1.0,MIL,home,Elite (top 10),0.353,99.92,3.867924528301888,False
Cody Williams,1.6666666666666667,0.0,1.6666666666666667,DET,home,Bad (21-30),0.366,100.27,-3.453333333333333,False
Cody Williams,1.6666666666666667,1.0,0.6666666666666667,BOS,away,Elite (top 10),0.347,96.59,2.546666666666667,True
Cole Anthony,2.6666666666666665,2.0,0.6666666666666665,SAC,away,Bad (21-30),0.381,98.91,7.915422885572138,False
Cole Anthony,2.3333333333333335,0.0,2.3333333333333335,DEN,away,Bad (21-30),0.365,100.67,7.582089552238806,False
Cole Anthony,2.3333333333333335,1.0,1.3333333333333335,HOU,away,Mid (11-20),0.357,99.03,7.582089552238806,False
Cole Anthony,2.3333333333333335,0.0,2.3333333333333335,CLE,away,Mid (11-20),0.359,100.31,10.248756218905474,False
Cole Anthony,2.3333333333333335,1.0,1.3333333333333335,IND,away,Elite (top 10),0.355,100.76,-3.0845771144278604,True
Collin Sexton,3.3333333333333335,1.0,2.3333333333333335,DAL,home,Mid (11-20),0.363,100.15,8.031746031746032,False
Collin Sexton,3.6666666666666665,3.0,0.6666666666666665,POR,away,Mid (11-20),0.361,99.51,7.031746031746032,False
Corey Kispert,3.6666666666666665,2.0,1.6666666666666665,DET,home,Bad (21-30),0.366,100.27,6.754098360655739,False
Corey Kispert,3.6666666666666665,4.0,-0.3333333333333335,NYK,away,Bad (21-30),0.367,97.64,2.754098360655739,False
Corey Kispert,4.0,1.0,3.0,ORL,away,Bad (21-30),0.365,96.51,-1.5792349726775932,False
D'Angelo Russell,3.6666666666666665,1.0,2.6666666666666665,MIA,away,Mid (11-20),0.36,97.08,3.166666666666668,False
D'Angelo Russell,3.3333333333333335,0.0,3.3333333333333335,CHA,away,Elite (top 10),0.355,98.22,3.166666666666668,True
DaQuan Jeffries,2.3333333333333335,0.0,2.3333333333333335,HOU,home,Mid (11-20),0.357,99.03,2.2340425531914896,False
DaQuan Jeffries,2.3333333333333335,3.0,-0.6666666666666665,SAS,away,Bad (21-30),0.365,100.08,6.23404255319149,False
DaQuan Jeffries,3.0,1.0,2.0,LAC,away,Elite (top 10),0.35,98.24,10.23404255319149,False
DaQuan Jeffries,2.6666666666666665,3.0,-0.3333333333333335,ATL,home,Bad (21-30),0.377,103.41,10.900709219858154,True
DaQuan Jeffries,2.3333333333333335,3.0,-0.6666666666666665,NYK,home,Bad (21-30),0.367,97.64,10.900709219858154,True
DaQuan Jeffries,2.3333333333333335,3.0,-0.6666666666666665,OKC,away,Elite (top 10),0.342,100.9,10.900709219858154,False
DaQuan Jeffries,3.0,1.0,2.0,MIA,away,Mid (11-20),0.36,97.08,6.900709219858157,False
DaQuan Jeffries,2.3333333333333335,1.0,1.3333333333333335,ORL,home,Bad (21-30),0.365,96.51,3.9007092198581574,False
Dalano Banton,3.0,3.0,0.0,OKC,away,Elite (top 10),0.342,100.9,7.9353233830845795,False
Dalano Banton,2.6666666666666665,0.0,2.6666666666666665,HOU,away,Mid (11-20),0.357,99.03,8.268656716417912,False
Dalton Knecht,4.0,9.0,-5.0,UTA,home,Mid (11-20),0.358,100.85,12.205128205128204,False
Dalton Knecht,5.333333333333333,3.0,2.333333333333333,ORL,home,Bad (21-30),0.365,96.51,14.538461538461537,True
Dalton Knecht,5.666666666666667,1.0,4.666666666666667,DEN,home,Bad (21-30),0.365,100.67,18.871794871794872,False
Dalton Knecht,4.333333333333333,1.0,3.333333333333333,PHX,away,Bad (21-30),0.37,98.31,15.871794871794872,True
Dalton Knecht,3.6666666666666665,1.0,2.6666666666666665,UTA,away,Mid (11-20),0.358,100.85,8.53846153846154,False
Dalton Knecht,3.6666666666666665,0.0,3.6666666666666665,MIN,away,Elite (top 10),0.353,97.95,12.205128205128204,True
Darius Garland,5.666666666666667,2.0,3.666666666666667,BKN,home,Mid (11-20),0.362,96.73,1.0,True
Darius Garland,4.333333333333333,2.0,2.333333333333333,DEN,away,Bad (21-30),0.365,100.67,-2.666666666666668,True
Darius Garland,4.333333333333333,1.0,3.333333333333333,TOR,away,Elite (top 10),0.349,100.62,-0.6666666666666679,True
Davion Mitchell,2.3333333333333335,1.0,1.3333333333333335,NYK,home,Bad (21-30),0.367,97.64,5.288288288288285,False
Davion Mitchell,2.6666666666666665,1.0,1.6666666666666665,CLE,away,Mid (11-20),0.359,100.31,9.621621621621621,False
Davion Mitchell,2.3333333333333335,3.0,-0.6666666666666665,BOS,away,Elite (top 10),0.347,96.59,5.954954954954957,True
Davion Mitchell,2.6666666666666665,3.0,-0.3333333333333335,MEM,home,Mid (11-20),0.36,103.69,6.621621621621621,True
Davion Mitchell,2.3333333333333335,1.0,1.3333333333333335,MIL,home,Elite (top 10),0.353,99.92,6.954954954954957,False
Davion Mitchell,2.3333333333333335,0.0,2.3333333333333335,PHI,home,Bad (21-30),0.378,98.13,9.288288288288285,False
De'Andre Hunter,4.0,3.0,1.0,MIL,away,Elite (top 10),0.353,99.92,1.78125,False
De'Andre Hunter,4.333333333333333,4.0,0.33333333333333304,TOR,away,Elite (top 10),0.349,100.62,3.78125,False
De'Andre Hunter,4.333333333333333,2.0,2.333333333333333,BKN,away,Mid (11-20),0.362,96.73,2.447916666666668,False
De'Andre Hunter,4.0,0.0,4.0,CHI,away,Elite (top 10),0.344,103.61,2.114583333333332,False
Dean Wade,3.0,2.0,1.0,GSW,away,Mid (11-20),0.363,99.37,2.7288135593220346,True
Deni Avdija,3.3333333333333335,3.0,0.3333333333333335,TOR,home,Elite (top 10),0.349,100.62,4.986111111111111,False
Deni Avdija,4.0,3.0,1.0,WAS,home,Mid (11-20),0.364,101.82,8.652777777777775,False
Deni Avdija,3.3333333333333335,5.0,-1.6666666666666665,MEM,home,Mid (11-20),0.36,103.69,3.9861111111111107,False
Deni Avdija,3.6666666666666665,4.0,-0.3333333333333335,DEN,home,Bad (21-30),0.365,100.67,3.3194444444444464,True
Deni Avdija,4.0,2.0,2.0,BOS,home,Elite (top 10),0.347,96.59,4.652777777777775,True
Deni Avdija,3.6666666666666665,3.0,0.6666666666666665,CLE,home,Mid (11-20),0.359,100.31,8.652777777777775,False
Dennis Schröder,3.3333333333333335,5.0,-1.6666666666666665,DEN,home,Bad (21-30),0.365,100.67,5.559999999999999,True
Dennis Schröder,4.333333333333333,6.0,-1.666666666666667,MEM,away,Mid (11-20),0.36,103.69,8.22666666666667,False
Dennis Schröder,5.333333333333333,1.0,4.333333333333333,CHI,home,Elite (top 10),0.344,103.61,8.893333333333334,False
Dennis Schröder,4.0,1.0,3.0,DET,home,Bad (21-30),0.366,100.27,8.22666666666667,False
Derrick Jones Jr.,2.3333333333333335,0.0,2.3333333333333335,TOR,home,Elite (top 10),0.349,100.62,1.3290043290043307,False
Derrick Jones Jr.,2.6666666666666665,2.0,0.6666666666666665,HOU,away,Mid (11-20),0.357,99.03,3.3290043290043307,False
Derrick Jones Jr.,2.3333333333333335,0.0,2.3333333333333335,MIL,home,Elite (top 10),0.353,99.92,6.995670995670995,False
Derrick Jones Jr.,2.3333333333333335,1.0,1.3333333333333335,PHX,away,Bad (21-30),0.37,98.31,7.995670995670999,False
Desmond Bane,4.333333333333333,2.0,2.333333333333333,POR,away,Mid (11-20),0.361,99.51,0.40579710144927716,False
Desmond Bane,4.333333333333333,2.0,2.333333333333333,LAC,away,Elite (top 10),0.35,98.24,3.7391304347826058,False
Desmond Bane,4.333333333333333,3.0,1.333333333333333,DEN,away,Bad (21-30),0.365,100.67,2.0724637681159415,False
Devin Vassell,4.333333333333333,3.0,1.333333333333333,DAL,home,Mid (11-20),0.363,100.15,3.0,True
Devin Vassell,4.333333333333333,4.0,0.33333333333333304,CLE,away,Mid (11-20),0.359,100.31,2.0,False
Devin Vassell,4.333333333333333,4.0,0.33333333333333304,BOS,home,Elite (top 10),0.347,96.59,2.0,False
Devin Vassell,4.666666666666667,2.0,2.666666666666667,GSW,home,Mid (11-20),0.363,99.37,4.666666666666664,False
Dillon Brooks,4.333333333333333,3.0,1.333333333333333,DAL,home,Mid (11-20),0.363,100.15,5.16,False
Dillon Brooks,4.666666666666667,3.0,1.666666666666667,MEM,away,Mid (11-20),0.36,103.69,3.16,False
Dillon Brooks,5.333333333333333,2.0,3.333333333333333,BKN,home,Mid (11-20),0.362,96.73,2.16,False
Donovan Mitchell,5.333333333333333,7.0,-1.666666666666667,CHI,home,Elite (top 10),0.344,103.61,3.2582159624413123,False
Donovan Mitchell,6.333333333333333,3.0,3.333333333333333,BOS,away,Elite (top 10),0.347,96.59,2.9248826291079837,False
Donovan Mitchell,5.333333333333333,5.0,0.33333333333333304,CHA,away,Elite (top 10),0.355,98.22,0.591549295774648,True
Donovan Mitchell,5.666666666666667,2.0,3.666666666666667,DAL,away,Mid (11-20),0.363,100.15,-1.7417840375586842,False
Donte DiVincenzo,4.666666666666667,2.0,2.666666666666667,OKC,away,Elite (top 10),0.342,100.9,6.112903225806452,True
Donte DiVincenzo,5.0,3.0,2.0,LAL,away,Elite (top 10),0.356,98.34,8.779569892473116,False
Donte DiVincenzo,5.0,4.0,1.0,PHI,home,Bad (21-30),0.378,98.13,-0.5537634408602159,True
Donte DiVincenzo,5.333333333333333,4.0,1.333333333333333,CHA,away,Elite (top 10),0.355,98.22,-0.5537634408602159,False
Donte DiVincenzo,5.333333333333333,3.0,2.333333333333333,MIA,away,Mid (11-20),0.36,97.08,1.446236559139784,True
Dorian Finney-Smith,4.0,1.0,3.0,PHI,away,Bad (21-30),0.378,98.13,0.12698412698412653,True
Dorian Finney-Smith,3.6666666666666665,2.0,1.6666666666666665,CLE,home,Mid (11-20),0.359,100.31,2.1269841269841265,True
Duncan Robinson,4.333333333333333,3.0,1.333333333333333,MIL,away,Elite (top 10),0.353,99.92,5.851351351351351,False
Duncan Robinson,4.666666666666667,3.0,1.666666666666667,BKN,away,Mid (11-20),0.362,96.73,6.518018018018019,True
Eric Gordon,3.0,3.0,0.0,OKC,home,Elite (top 10),0.342,100.9,4.9743589743589745,False
Eric Gordon,3.0,1.0,2.0,IND,away,Elite (top 10),0.355,100.76,5.9743589743589745,False
Eric Gordon,3.0,3.0,0.0,CHI,away,Elite (top 10),0.344,103.61,9.307692307692307,False
Eric Gordon,3.3333333333333335,3.0,0.3333333333333335,LAL,home,Elite (top 10),0.356,98.34,8.974358974358974,False
Eric Gordon,3.3333333333333335,3.0,0.3333333333333335,SAC,home,Bad (21-30),0.381,98.91,12.974358974358971,True
Eric Gordon,3.0,3.0,0.0,DEN,home,Bad (21-30),0.365,100.67,7.641025641025639,False
Eric Gordon,3.0,1.0,2.0,MIA,home,Mid (11-20),0.36,97.08,7.641025641025639,False
Evan Mobley,3.3333333333333335,0.0,3.3333333333333335,MIA,away,Mid (11-20),0.36,97.08,1.7699530516431956,True
Evan Mobley,3.0,1.0,2.0,BKN,away,Mid (11-20),0.362,96.73,-4.56338028169014,False
Evan Mobley,2.6666666666666665,1.0,1.6666666666666665,GSW,away,Mid (11-20),0.363,99.37,1.1032863849765278,False
Evan Mobley,2.6666666666666665,2.0,0.6666666666666665,LAL,away,Elite (top 10),0.356,98.34,-0.5633802816901401,False
Evan Mobley,2.6666666666666665,0.0,2.6666666666666665,SAC,home,Bad (21-30),0.381,98.91,4.103286384976524,False
Gabe Vincent,4.0,2.0,2.0,IND,home,Elite (top 10),0.355,100.76,2.805555555555557,False
Gabe Vincent,3.6666666666666665,3.0,0.6666666666666665,UTA,home,Mid (11-20),0.358,100.85,4.472222222222225,False
Gabe Vincent,3.3333333333333335,2.0,1.3333333333333335,CHA,home,Elite (top 10),0.355,98.22,3.1388888888888893,True
Gabe Vincent,3.3333333333333335,0.0,3.3333333333333335,MIL,away,Elite (top 10),0.353,99.92,4.472222222222225,False
Gabe Vincent,3.3333333333333335,2.0,1.3333333333333335,MIL,home,Elite (top 10),0.353,99.92,4.805555555555557,False
Gabe Vincent,4.0,1.0,3.0,GSW,home,Mid (11-20),0.363,99.37,-0.8611111111111107,False
Gabe Vincent,3.6666666666666665,1.0,2.6666666666666665,NOP,home,Bad (21-30),0.365,99.77,0.13888888888888928,False
Garrison Mathews,4.333333333333333,3.0,1.333333333333333,NOP,away,Bad (21-30),0.365,99.77,7.964539007092199,False
Garrison Mathews,4.0,2.0,2.0,BOS,home,Elite (top 10),0.347,96.59,6.631205673758863,False
Garrison Mathews,4.0,2.0,2.0,NYK,home,Bad (21-30),0.367,97.64,7.631205673758863,False
Garrison Mathews,4.0,2.0,2.0,TOR,away,Elite (top 10),0.349,100.62,6.297872340425531,True
Gary Trent Jr.,4.333333333333333,4.0,0.33333333333333304,CHA,home,Elite (top 10),0.355,98.22,1.7657657657657637,False
Gary Trent Jr.,4.333333333333333,0.0,4.333333333333333,MIA,away,Mid (11-20),0.36,97.08,3.4324324324324316,False
Gary Trent Jr.,4.666666666666667,2.0,2.666666666666667,UTA,away,Mid (11-20),0.358,100.85,2.4324324324324316,False
Gary Trent Jr.,4.666666666666667,3.0,1.666666666666667,POR,away,Mid (11-20),0.361,99.51,3.7657657657657637,False
Gary Trent Jr.,5.0,1.0,4.0,GSW,home,Mid (11-20),0.363,99.37,3.7657657657657637,False
Gary Trent Jr.,4.333333333333333,3.0,1.333333333333333,MIN,away,Elite (top 10),0.353,97.95,4.432432432432432,True
Gary Trent Jr.,4.333333333333333,4.0,0.33333333333333304,DEN,away,Bad (21-30),0.365,100.67,5.765765765765764,False
Georges Niang,4.333333333333333,3.0,1.333333333333333,MIA,home,Mid (11-20),0.36,97.08,10.531645569620252,False
Georges Niang,4.0,1.0,3.0,MIA,away,Mid (11-20),0.36,97.08,7.19831223628692,False
Georges Niang,3.6666666666666665,3.0,0.6666666666666665,OKC,home,Elite (top 10),0.342,100.9,6.5316455696202524,True
Georges Niang,4.333333333333333,3.0,1.333333333333333,HOU,away,Mid (11-20),0.357,99.03,1.8649789029535846,False
Georges Niang,4.666666666666667,1.0,3.666666666666667,MIA,away,Mid (11-20),0.36,97.08,1.1983122362869203,False
Gradey Dick,4.0,0.0,4.0,SAC,away,Bad (21-30),0.381,98.91,5.870370370370374,False
Gradey Dick,4.0,1.0,3.0,NYK,home,Bad (21-30),0.367,97.64,-0.12962962962962976,False
Grayson Allen,4.333333333333333,1.0,3.333333333333333,MEM,home,Mid (11-20),0.36,103.69,9.208333333333336,False
Guerschon Yabusele,3.3333333333333335,0.0,3.3333333333333335,LAC,away,Elite (top 10),0.35,98.24,-4.376190476190477,False
Harrison Barnes,3.6666666666666665,2.0,1.6666666666666665,PHX,home,Bad (21-30),0.37,98.31,3.8048780487804876,False
Harrison Barnes,3.6666666666666665,2.0,1.6666666666666665,POR,away,Mid (11-20),0.361,99.51,2.8048780487804876,False
Harrison Barnes,4.0,6.0,-2.0,GSW,away,Mid (11-20),0.363,99.37,4.13821138211382,False
Harrison Barnes,4.666666666666667,0.0,4.666666666666667,PHX,away,Bad (21-30),0.37,98.31,6.138211382113823,False
Harrison Barnes,4.0,2.0,2.0,TOR,home,Elite (top 10),0.349,100.62,0.13821138211381978,False
Haywood Highsmith,2.6666666666666665,0.0,2.6666666666666665,CLE,home,Mid (11-20),0.359,100.31,6.765765765765764,True
Haywood Highsmith,2.6666666666666665,0.0,2.6666666666666665,NOP,home,Bad (21-30),0.365,99.77,9.099099099099096,False
Haywood Highsmith,2.6666666666666665,0.0,2.6666666666666665,DEN,home,Bad (21-30),0.365,100.67,9.432432432432432,False
Immanuel Quickley,4.0,0.0,4.0,BOS,home,Elite (top 10),0.347,96.59,4.939393939393938,True
Isaiah Collier,1.6666666666666667,0.0,1.6666666666666667,NOP,away,Bad (21-30),0.365,99.77,4.44600938967136,False
Isaiah Collier,1.6666666666666667,1.0,0.6666666666666667,OKC,home,Elite (top 10),0.342,100.9,5.779342723004696,False
Isaiah Collier,1.6666666666666667,1.0,0.6666666666666667,HOU,home,Mid (11-20),0.357,99.03,4.44600938967136,False
Isaiah Collier,1.6666666666666667,1.0,0.6666666666666667,POR,home,Mid (11-20),0.361,99.51,5.44600938967136,False
Isaiah Collier,1.6666666666666667,1.0,0.6666666666666667,HOU,home,Mid (11-20),0.357,99.03,2.112676056338028,True
Isaiah Collier,2.0,0.0,2.0,DEN,away,Bad (21-30),0.365,100.67,2.44600938967136,False
Isaiah Collier,1.6666666666666667,0.0,1.6666666666666667,CHA,away,Elite (top 10),0.355,98.22,4.44600938967136,True
Isaiah Joe,5.333333333333333,2.0,3.333333333333333,SAC,home,Bad (21-30),0.381,98.91,3.6306306306306304,False
Isaiah Joe,4.666666666666667,0.0,4.666666666666667,LAC,away,Elite (top 10),0.35,98.24,4.963963963963966,False
Isaiah Joe,5.0,1.0,4.0,DET,home,Bad (21-30),0.366,100.27,2.2972972972972983,False
Isaiah Joe,4.666666666666667,2.0,2.666666666666667,LAL,home,Elite (top 10),0.356,98.34,2.6306306306306304,False
Ja Morant,3.3333333333333335,4.0,-0.6666666666666665,CHA,away,Elite (top 10),0.355,98.22,3.033333333333335,False
Ja Morant,4.0,5.0,-1.0,MIN,home,Elite (top 10),0.353,97.95,0.36666666666666714,True
Ja Morant,4.0,2.0,2.0,DEN,away,Bad (21-30),0.365,100.67,1.3666666666666671,False
Ja'Kobe Walter,3.6666666666666665,1.0,2.6666666666666665,POR,home,Mid (11-20),0.361,99.51,9.102564102564102,False
Ja'Kobe Walter,3.0,4.0,-1.0,DET,home,Bad (21-30),0.366,100.27,9.102564102564102,False
Ja'Kobe Walter,3.3333333333333335,2.0,1.3333333333333335,BKN,away,Mid (11-20),0.362,96.73,8.435897435897438,False
Jaden Hardy,3.6666666666666665,1.0,2.6666666666666665,DEN,home,Bad (21-30),0.365,100.67,8.105263157894736,False
Jaden Hardy,3.0,0.0,3.0,DEN,home,Bad (21-30),0.365,100.67,6.438596491228068,False
Jaden Hardy,3.0,0.0,3.0,DET,home,Bad (21-30),0.366,100.27,4.438596491228068,False
Jaden McDaniels,2.3333333333333335,2.0,0.3333333333333335,BOS,away,Elite (top 10),0.347,96.59,3.060975609756099,False
Jaden McDaniels,2.6666666666666665,1.0,1.6666666666666665,NOP,away,Bad (21-30),0.365,99.77,0.39430894308943465,False
Jaden McDaniels,2.3333333333333335,0.0,2.3333333333333335,HOU,home,Mid (11-20),0.357,99.03,5.727642276422763,False
Jake LaRavia,2.6666666666666665,2.0,0.6666666666666665,LAC,home,Elite (top 10),0.35,98.24,-0.45454545454545325,False
Jake LaRavia,3.3333333333333335,0.0,3.3333333333333335,TOR,home,Elite (top 10),0.349,100.62,2.2121212121212146,False
Jake LaRavia,2.0,0.0,2.0,NOP,away,Bad (21-30),0.365,99.77,1.2121212121212146,False
Jake LaRavia,2.0,1.0,1.0,SAS,home,Bad (21-30),0.365,100.08,2.2121212121212146,False
Jake LaRavia,2.0,1.0,1.0,LAC,away,Elite (top 10),0.35,98.24,5.878787878787879,False
Jalen Smith,2.3333333333333335,1.0,1.3333333333333335,BKN,away,Mid (11-20),0.362,96.73,-2.442708333333334,False
Jalen Smith,2.3333333333333335,1.0,1.3333333333333335,MEM,home,Mid (11-20),0.36,103.69,-1.776041666666666,False
Jalen Smith,2.3333333333333335,4.0,-1.6666666666666665,GSW,home,Mid (11-20),0.363,99.37,0.5572916666666661,False
Jalen Smith,2.6666666666666665,1.0,1.6666666666666665,DET,home,Bad (21-30),0.366,100.27,1.2239583333333321,False
Jalen Smith,2.3333333333333335,1.0,1.3333333333333335,DET,home,Bad (21-30),0.366,100.27,-0.109375,False
Jalen Suggs,4.333333333333333,3.0,1.333333333333333,CHI,away,Elite (top 10),0.344,103.61,0.6476190476190453,False
Jalen Suggs,4.666666666666667,1.0,3.666666666666667,CLE,away,Mid (11-20),0.359,100.31,4.9809523809523775,False
Jalen Suggs,4.0,3.0,1.0,MIL,away,Elite (top 10),0.353,99.92,4.9809523809523775,False
Jalen Wilson,3.3333333333333335,0.0,3.3333333333333335,PHI,away,Bad (21-30),0.378,98.13,-0.7215189873417707,False
Jalen Wilson,3.3333333333333335,4.0,-0.6666666666666665,MIN,away,Elite (top 10),0.353,97.95,-1.0548523206751028,False
Jalen Wilson,4.0,5.0,-1.0,NYK,home,Bad (21-30),0.367,97.64,0.9451476793248972,False
Jamal Shead,2.0,0.0,2.0,MIA,away,Mid (11-20),0.36,97.08,-3.5199999999999996,False
Jamal Shead,2.3333333333333335,2.0,0.3333333333333335,BOS,home,Elite (top 10),0.347,96.59,-2.8533333333333317,False
Jamal Shead,2.0,0.0,2.0,MIL,away,Elite (top 10),0.353,99.92,-2.8533333333333317,False
Jamal Shead,2.3333333333333335,0.0,2.3333333333333335,PHX,away,Bad (21-30),0.37,98.31,1.8133333333333326,True
Jamal Shead,2.0,2.0,0.0,GSW,away,Mid (11-20),0.363,99.37,5.48,True
Jamison Battle,3.6666666666666665,1.0,2.6666666666666665,SAS,home,Bad (21-30),0.365,100.08,11.039548022598872,False
Jarace Walker,2.3333333333333335,1.0,1.3333333333333335,PHX,home,Bad (21-30),0.37,98.31,2.133333333333333,False
Jarace Walker,2.3333333333333335,3.0,-0.6666666666666665,SAC,home,Bad (21-30),0.381,98.91,4.133333333333333,False
Jarace Walker,3.0,3.0,0.0,CHA,home,Elite (top 10),0.355,98.22,8.8,False
Jarace Walker,2.6666666666666665,1.0,1.6666666666666665,UTA,home,Mid (11-20),0.358,100.85,7.800000000000001,True
Jarace Walker,2.3333333333333335,3.0,-0.6666666666666665,DEN,away,Bad (21-30),0.365,100.67,3.466666666666665,True
Jarace Walker,2.3333333333333335,0.0,2.3333333333333335,WAS,home,Mid (11-20),0.364,101.82,3.133333333333333,False
Jared Butler,2.3333333333333335,2.0,0.3333333333333335,TOR,away,Elite (top 10),0.349,100.62,3.9166666666666643,True
Jared Butler,2.6666666666666665,3.0,-0.3333333333333335,IND,home,Elite (top 10),0.355,100.76,11.916666666666664,True
Jared Butler,2.6666666666666665,0.0,2.6666666666666665,DAL,away,Mid (11-20),0.363,100.15,13.25,False
Jared Butler,2.3333333333333335,4.0,-1.6666666666666665,MIA,home,Mid (11-20),0.36,97.08,9.583333333333332,False
Jared Butler,3.6666666666666665,3.0,0.6666666666666665,TOR,home,Elite (top 10),0.349,100.62,12.25,False
Jared Butler,3.6666666666666665,1.0,2.6666666666666665,NYK,away,Bad (21-30),0.367,97.64,10.25,True
Jared Butler,2.6666666666666665,3.0,-0.3333333333333335,MIL,home,Elite (top 10),0.353,99.92,9.583333333333332,False
Jared Butler,2.3333333333333335,1.0,1.3333333333333335,MIN,home,Elite (top 10),0.353,97.95,9.916666666666664,False
Jared Butler,2.3333333333333335,1.0,1.3333333333333335,CHI,home,Elite (top 10),0.344,103.61,10.25,False
Jaren Jackson Jr.,3.6666666666666665,3.0,0.6666666666666665,SAS,home,Bad (21-30),0.365,100.08,2.5495495495495533,False
Jaren Jackson Jr.,3.6666666666666665,4.0,-0.3333333333333335,TOR,away,Elite (top 10),0.349,100.62,1.8828828828828854,False
Jaren Jackson Jr.,4.666666666666667,2.0,2.666666666666667,OKC,home,Elite (top 10),0.342,100.9,0.8828828828828854,True
Jaren Jackson Jr.,3.6666666666666665,2.0,1.6666666666666665,GSW,home,Mid (11-20),0.363,99.37,1.2162162162162176,False
Javonte Green,1.6666666666666667,1.0,0.6666666666666667,UTA,home,Mid (11-20),0.358,100.85,6.848039215686274,False
Jaylen Wells,3.6666666666666665,2.0,1.6666666666666665,NOP,home,Bad (21-30),0.365,99.77,4.11392405063291,False
Jaylin Williams,3.0,0.0,3.0,DEN,home,Bad (21-30),0.365,100.67,4.98581560283688,False
Jaylin Williams,3.0,2.0,1.0,SAC,away,Bad (21-30),0.381,98.91,8.652482269503544,False
Jaylin Williams,2.6666666666666665,1.0,1.6666666666666665,MEM,home,Mid (11-20),0.36,103.69,2.9858156028368796,False
John Collins,3.0,4.0,-1.0,PHX,home,Bad (21-30),0.37,98.31,-3.166666666666668,False
John Collins,3.3333333333333335,0.0,3.3333333333333335,LAC,away,Elite (top 10),0.35,98.24,-1.8333333333333321,False
John Collins,3.0,2.0,1.0,DET,away,Bad (21-30),0.366,100.27,1.5,True
Johnny Juzang,3.6666666666666665,1.0,2.6666666666666665,SAC,away,Bad (21-30),0.381,98.91,2.21875,False
Johnny Juzang,3.3333333333333335,1.0,2.3333333333333335,PHX,home,Bad (21-30),0.37,98.31,5.21875,True
Johnny Juzang,3.6666666666666665,2.0,1.6666666666666665,POR,home,Mid (11-20),0.361,99.51,11.552083333333332,False
Johnny Juzang,4.0,4.0,0.0,OKC,home,Elite (top 10),0.342,100.9,14.885416666666664,False
Johnny Juzang,3.6666666666666665,3.0,0.6666666666666665,MIN,away,Elite (top 10),0.353,97.95,13.21875,True
Jonathan Kuminga,2.3333333333333335,2.0,0.3333333333333335,DAL,home,Mid (11-20),0.363,100.15,0.014184397163120366,False
Jonathan Kuminga,2.3333333333333335,0.0,2.3333333333333335,MEM,home,Mid (11-20),0.36,103.69,3.347517730496456,False
Jordan Clarkson,4.0,6.0,-2.0,LAC,away,Elite (top 10),0.35,98.24,3.585585585585587,True
Jordan Clarkson,4.666666666666667,3.0,1.666666666666667,LAL,away,Elite (top 10),0.356,98.34,7.918918918918919,True
Jordan Clarkson,4.666666666666667,3.0,1.666666666666667,LAL,home,Elite (top 10),0.356,98.34,5.918918918918919,True
Jordan Clarkson,4.0,4.0,0.0,OKC,home,Elite (top 10),0.342,100.9,4.585585585585587,True
Jordan Poole,6.0,5.0,1.0,CHA,home,Elite (top 10),0.355,98.22,6.529411764705884,False
Jordan Poole,6.0,6.0,0.0,CHI,home,Elite (top 10),0.344,103.61,6.86274509803922,False
Jose Alvarado,3.6666666666666665,4.0,-0.3333333333333335,ORL,away,Bad (21-30),0.365,96.51,8.273809523809522,False
Jose Alvarado,4.666666666666667,1.0,3.666666666666667,BKN,home,Mid (11-20),0.362,96.73,10.273809523809522,True
Jose Alvarado,4.0,1.0,3.0,WAS,home,Mid (11-20),0.364,101.82,4.94047619047619,False
Jose Alvarado,4.0,1.0,3.0,OKC,home,Elite (top 10),0.342,100.9,0.2738095238095255,True
Josh Giddey,2.6666666666666665,0.0,2.6666666666666665,BKN,away,Mid (11-20),0.362,96.73,-1.8952380952380956,False
Josh Giddey,2.6666666666666665,2.0,0.6666666666666665,GSW,home,Mid (11-20),0.363,99.37,2.4380952380952365,True
Josh Giddey,2.6666666666666665,3.0,-0.3333333333333335,PHX,home,Bad (21-30),0.37,98.31,-0.8952380952380956,False
Josh Giddey,3.3333333333333335,3.0,0.3333333333333335,PHI,away,Bad (21-30),0.378,98.13,3.104761904761908,False
Josh Giddey,3.3333333333333335,4.0,-0.6666666666666665,LAC,home,Elite (top 10),0.35,98.24,3.104761904761908,True
Josh Giddey,3.3333333333333335,2.0,1.3333333333333335,TOR,home,Elite (top 10),0.349,100.62,4.104761904761908,False
Josh Giddey,3.0,0.0,3.0,IND,away,Elite (top 10),0.355,100.76,5.771428571428572,True
Josh Green,3.0,2.0,1.0,LAC,home,Elite (top 10),0.35,98.24,2.5392156862745097,True
Josh Green,3.0,0.0,3.0,DEN,home,Bad (21-30),0.365,100.67,3.5392156862745097,False
Jrue Holiday,3.3333333333333335,1.0,2.3333333333333335,WAS,away,Mid (11-20),0.364,101.82,-0.9946236559139763,True
Jrue Holiday,3.6666666666666665,0.0,3.6666666666666665,PHX,home,Bad (21-30),0.37,98.31,1.3387096774193559,True
Julian Champagnie,4.0,1.0,3.0,UTA,home,Mid (11-20),0.358,100.85,9.426829268292682,False
Julian Champagnie,4.333333333333333,3.0,1.333333333333333,MIN,home,Elite (top 10),0.353,97.95,10.093495934959346,False
Julian Champagnie,4.333333333333333,0.0,4.333333333333333,MIN,away,Elite (top 10),0.353,97.95,1.426829268292682,True
Julian Strawther,3.0,1.0,2.0,DAL,away,Mid (11-20),0.363,100.15,8.692307692307693,False
Julian Strawther,3.3333333333333335,2.0,1.3333333333333335,SAC,home,Bad (21-30),0.381,98.91,4.692307692307693,True
Julian Strawther,3.0,4.0,-1.0,CHA,home,Elite (top 10),0.355,98.22,11.692307692307693,False
Julian Strawther,3.0,0.0,3.0,LAL,home,Elite (top 10),0.356,98.34,6.0256410256410255,False
Justin Champagnie,2.6666666666666665,2.0,0.6666666666666665,NOP,away,Bad (21-30),0.365,99.77,8.736559139784944,False
Justin Edwards,3.0,1.0,2.0,MIA,home,Mid (11-20),0.36,97.08,11.863636363636363,True
Justin Edwards,3.3333333333333335,3.0,0.3333333333333335,ATL,away,Bad (21-30),0.377,103.41,9.863636363636363,False
Justin Edwards,3.0,5.0,-2.0,NOP,away,Bad (21-30),0.365,99.77,9.530303030303028,False
Justin Edwards,3.6666666666666665,1.0,2.6666666666666665,WAS,home,Mid (11-20),0.364,101.82,11.196969696969699,False
Justin Edwards,3.0,4.0,-1.0,MIA,home,Mid (11-20),0.36,97.08,10.530303030303028,False
Justin Edwards,3.3333333333333335,0.0,3.3333333333333335,TOR,home,Elite (top 10),0.349,100.62,9.196969696969699,True
Jusuf Nurkić,1.6666666666666667,2.0,-0.33333333333333326,DAL,away,Mid (11-20),0.363,100.15,7.509803921568626,False
Jusuf Nurkić,2.0,0.0,2.0,SAC,home,Bad (21-30),0.381,98.91,10.843137254901961,False
Jusuf Nurkić,1.6666666666666667,0.0,1.6666666666666667,SAC,away,Bad (21-30),0.381,98.91,6.509803921568626,False
Jusuf Nurkić,1.6666666666666667,0.0,1.6666666666666667,BKN,home,Mid (11-20),0.362,96.73,3.8431372549019613,True
KJ Simpson,2.3333333333333335,0.0,2.3333333333333335,BKN,away,Mid (11-20),0.362,96.73,2.8888888888888893,False
KJ Simpson,2.0,1.0,1.0,IND,away,Elite (top 10),0.355,100.76,7.222222222222225,False
Keaton Wallace,2.6666666666666665,3.0,-0.3333333333333335,MIN,away,Elite (top 10),0.353,97.95,6.473118279569892,True
Keaton Wallace,3.3333333333333335,1.0,2.3333333333333335,HOU,home,Mid (11-20),0.357,99.03,13.473118279569892,False
Keaton Wallace,2.6666666666666665,0.0,2.6666666666666665,CLE,away,Mid (11-20),0.359,100.31,15.473118279569892,False
Keldon Johnson,2.3333333333333335,0.0,2.3333333333333335,UTA,home,Mid (11-20),0.358,100.85,1.8874458874458888,False
Keldon Johnson,2.3333333333333335,0.0,2.3333333333333335,LAL,home,Elite (top 10),0.356,98.34,1.5541125541125531,False
Keldon Johnson,2.3333333333333335,1.0,1.3333333333333335,MEM,away,Mid (11-20),0.36,103.69,1.5541125541125531,False
Keldon Johnson,2.3333333333333335,1.0,1.3333333333333335,ATL,away,Bad (21-30),0.377,103.41,1.220779220779221,True
Keldon Johnson,2.3333333333333335,0.0,2.3333333333333335,DAL,home,Mid (11-20),0.363,100.15,1.8874458874458888,False
Kenrich Williams,2.0,1.0,1.0,HOU,home,Mid (11-20),0.357,99.03,-2.057971014492752,True
Kenrich Williams,2.0,0.0,2.0,NYK,home,Bad (21-30),0.367,97.64,-2.391304347826086,False
Kenrich Williams,2.6666666666666665,1.0,1.6666666666666665,MIN,away,Elite (top 10),0.353,97.95,1.608695652173914,False
Kenrich Williams,2.3333333333333335,2.0,0.3333333333333335,UTA,away,Mid (11-20),0.358,100.85,0.2753623188405818,False
Kenrich Williams,2.0,0.0,2.0,MIN,away,Elite (top 10),0.353,97.95,-0.05797101449275388,False
Kenrich Williams,2.0,0.0,2.0,LAC,away,Elite (top 10),0.35,98.24,3.608695652173914,True
Kenrich Williams,2.0,3.0,-1.0,SAC,away,Bad (21-30),0.381,98.91,3.608695652173914,False
Kenrich Williams,2.0,1.0,1.0,MEM,home,Mid (11-20),0.36,103.69,4.942028985507246,False
Kentavious Caldwell-Pope,3.3333333333333335,4.0,-0.6666666666666665,BKN,away,Mid (11-20),0.362,96.73,1.0822510822510836,True
Kentavious Caldwell-Pope,4.666666666666667,3.0,1.666666666666667,NYK,away,Bad (21-30),0.367,97.64,2.7489177489177514,False
Kentavious Caldwell-Pope,3.6666666666666665,1.0,2.6666666666666665,PHI,away,Bad (21-30),0.378,98.13,0.4155844155844157,True
Kentavious Caldwell-Pope,3.6666666666666665,1.0,2.6666666666666665,WAS,away,Mid (11-20),0.364,101.82,-0.25108225108225213,False
Kentavious Caldwell-Pope,3.6666666666666665,3.0,0.6666666666666665,ATL,home,Bad (21-30),0.377,103.41,2.7489177489177514,False
Kentavious Caldwell-Pope,3.6666666666666665,0.0,3.6666666666666665,BOS,home,Elite (top 10),0.347,96.59,2.7489177489177514,False
Keon Ellis,4.0,2.0,2.0,OKC,home,Elite (top 10),0.342,100.9,-0.3500000000000014,False
Keon Ellis,4.333333333333333,1.0,3.333333333333333,GSW,home,Mid (11-20),0.363,99.37,-4.350000000000001,False
Keon Ellis,4.0,1.0,3.0,NOP,away,Bad (21-30),0.365,99.77,6.649999999999999,False
Keon Johnson,3.0,0.0,3.0,LAC,away,Elite (top 10),0.35,98.24,4.286919831223631,False
Keon Johnson,3.0,1.0,2.0,MIA,home,Mid (11-20),0.36,97.08,7.286919831223631,False
Keon Johnson,3.0,3.0,0.0,BOS,away,Elite (top 10),0.347,96.59,0.9535864978902957,False
Keon Johnson,4.0,1.0,3.0,IND,away,Elite (top 10),0.355,100.76,3.2869198312236314,False
Keon Johnson,3.3333333333333335,2.0,1.3333333333333335,MIN,home,Elite (top 10),0.353,97.95,3.2869198312236314,False
Keon Johnson,3.0,2.0,1.0,TOR,home,Elite (top 10),0.349,100.62,3.9535864978902957,False
Kevin Huerter,4.666666666666667,3.0,1.666666666666667,LAC,home,Elite (top 10),0.35,98.24,3.3333333333333357,True
Kevin Huerter,4.666666666666667,4.0,0.666666666666667,TOR,home,Elite (top 10),0.349,100.62,6.333333333333336,False
Kevin Huerter,4.666666666666667,3.0,1.666666666666667,ORL,away,Bad (21-30),0.365,96.51,5.666666666666668,False
Kevin Huerter,4.333333333333333,0.0,4.333333333333333,LAL,away,Elite (top 10),0.356,98.34,10.666666666666668,True
Kevin Porter Jr.,2.0,1.0,1.0,IND,home,Elite (top 10),0.355,100.76,-5.0933333333333355,False
Kevin Porter Jr.,2.3333333333333335,3.0,-0.6666666666666665,OKC,home,Elite (top 10),0.342,100.9,-2.0933333333333337,False
Kevin Porter Jr.,3.0,0.0,3.0,GSW,away,Mid (11-20),0.363,99.37,-1.4266666666666694,False
Keyonte George,4.666666666666667,3.0,1.666666666666667,SAC,home,Bad (21-30),0.381,98.91,-0.09950248756219082,False
Keyonte George,4.666666666666667,1.0,3.666666666666667,OKC,home,Elite (top 10),0.342,100.9,1.9004975124378127,False
Khris Middleton,2.6666666666666665,3.0,-0.3333333333333335,BKN,home,Mid (11-20),0.362,96.73,-0.8918918918918912,False
Khris Middleton,3.3333333333333335,4.0,-0.6666666666666665,CHI,away,Elite (top 10),0.344,103.61,1.441441441441441,False
Khris Middleton,3.3333333333333335,1.0,2.3333333333333335,IND,away,Elite (top 10),0.355,100.76,2.7747747747747766,False
Khris Middleton,2.6666666666666665,0.0,2.6666666666666665,BKN,home,Mid (11-20),0.362,96.73,5.441441441441441,False
Khris Middleton,2.6666666666666665,1.0,1.6666666666666665,BKN,home,Mid (11-20),0.362,96.73,1.7747747747747766,False
Klay Thompson,5.0,2.0,3.0,MIN,away,Elite (top 10),0.353,97.95,1.6111111111111107,False
Klay Thompson,5.0,2.0,3.0,LAC,home,Elite (top 10),0.35,98.24,-0.055555555555557135,True
Klay Thompson,5.0,3.0,2.0,DET,away,Bad (21-30),0.366,100.27,-1.0555555555555571,False
Klay Thompson,5.333333333333333,0.0,5.333333333333333,CLE,away,Mid (11-20),0.359,100.31,-1.0555555555555571,False
Kris Dunn,2.6666666666666665,1.0,1.6666666666666665,DAL,home,Mid (11-20),0.363,100.15,0.5450450450450468,False
Kristaps Porziņģis,4.666666666666667,2.0,2.666666666666667,NOP,away,Bad (21-30),0.365,99.77,-0.0952380952380949,True
Kristaps Porziņģis,4.333333333333333,3.0,1.333333333333333,PHI,away,Bad (21-30),0.378,98.13,0.5714285714285694,False
Kristaps Porziņģis,4.333333333333333,1.0,3.333333333333333,CLE,away,Mid (11-20),0.359,100.31,2.5714285714285694,False
Kristaps Porziņģis,4.333333333333333,2.0,2.333333333333333,CHA,home,Elite (top 10),0.355,98.22,3.2380952380952372,False
Kyle Filipowski,2.3333333333333335,1.0,1.3333333333333335,MIN,home,Elite (top 10),0.353,97.95,0.5833333333333357,False
Kyle Filipowski,2.6666666666666665,2.0,0.6666666666666665,NOP,home,Bad (21-30),0.365,99.77,2.916666666666668,True
Kyle Filipowski,2.3333333333333335,1.0,1.3333333333333335,WAS,away,Mid (11-20),0.364,101.82,3.5833333333333357,False
Kyle Filipowski,2.3333333333333335,2.0,0.3333333333333335,TOR,away,Elite (top 10),0.349,100.62,5.916666666666668,False
Kyle Filipowski,2.3333333333333335,4.0,-1.6666666666666665,PHI,away,Bad (21-30),0.378,98.13,5.583333333333336,False
Kyle Filipowski,2.3333333333333335,0.0,2.3333333333333335,BOS,away,Elite (top 10),0.347,96.59,7.916666666666668,True
Kyle Filipowski,3.0,2.0,1.0,MEM,home,Mid (11-20),0.36,103.69,0.25,False
Kyle Filipowski,2.3333333333333335,1.0,1.3333333333333335,HOU,home,Mid (11-20),0.357,99.03,1.25,True
Kyle Filipowski,2.3333333333333335,1.0,1.3333333333333335,DEN,away,Bad (21-30),0.365,100.67,7.583333333333336,True
Kyle Kuzma,3.3333333333333335,2.0,1.3333333333333335,ATL,away,Bad (21-30),0.377,103.41,-0.11794871794871753,True
Kyle Kuzma,3.3333333333333335,3.0,0.3333333333333335,ATL,away,Bad (21-30),0.377,103.41,-1.1179487179487175,False
Kyle Kuzma,3.6666666666666665,1.0,2.6666666666666665,PHI,home,Bad (21-30),0.378,98.13,-0.11794871794871753,False
Kyle Lowry,2.6666666666666665,1.0,1.6666666666666665,DET,home,Bad (21-30),0.366,100.27,4.447619047619046,False
Kyle Lowry,2.0,3.0,-1.0,MEM,home,Mid (11-20),0.36,103.69,3.114285714285714,False
Kyle Lowry,2.0,3.0,-1.0,PHX,away,Bad (21-30),0.37,98.31,0.44761904761904603,False
Kyle Lowry,2.3333333333333335,0.0,2.3333333333333335,LAC,away,Elite (top 10),0.35,98.24,4.114285714285714,False
Kyle Lowry,2.0,1.0,1.0,LAL,away,Elite (top 10),0.356,98.34,4.114285714285714,False
Kyle Lowry,2.0,0.0,2.0,MIA,home,Mid (11-20),0.36,97.08,1.447619047619046,False
Kyshawn George,4.333333333333333,2.0,2.333333333333333,HOU,away,Mid (11-20),0.357,99.03,8.833333333333336,True
Kyshawn George,3.3333333333333335,2.0,1.3333333333333335,SAC,away,Bad (21-30),0.381,98.91,-0.16666666666666785,False
Kyshawn George,3.3333333333333335,1.0,2.3333333333333335,LAL,away,Elite (top 10),0.356,98.34,1.8333333333333321,True
Kyshawn George,3.6666666666666665,1.0,2.6666666666666665,SAS,home,Bad (21-30),0.365,100.08,1.1666666666666679,False
Kyshawn George,3.3333333333333335,3.0,0.3333333333333335,IND,home,Elite (top 10),0.355,100.76,7.166666666666664,True
Landry Shamet,4.0,1.0,3.0,CLE,away,Mid (11-20),0.359,100.31,9.113333333333332,False
Landry Shamet,3.3333333333333335,4.0,-0.6666666666666665,ATL,away,Bad (21-30),0.377,103.41,11.113333333333332,False
Landry Shamet,3.6666666666666665,1.0,2.6666666666666665,PHX,home,Bad (21-30),0.37,98.31,14.78,False
Lauri Markkanen,5.0,2.0,3.0,DEN,home,Bad (21-30),0.365,100.67,0.28368794326241087,False
Lauri Markkanen,5.333333333333333,3.0,2.333333333333333,PHX,away,Bad (21-30),0.37,98.31,-2.049645390070925,False
Lauri Markkanen,5.666666666666667,3.0,2.666666666666667,OKC,away,Elite (top 10),0.342,100.9,-0.7163120567375891,False
Lonzo Ball,3.3333333333333335,3.0,0.3333333333333335,NOP,home,Bad (21-30),0.365,99.77,0.1904761904761898,False
Lonzo Ball,4.0,2.0,2.0,CHA,home,Elite (top 10),0.355,98.22,2.19047619047619,False
Lonzo Ball,3.3333333333333335,1.0,2.3333333333333335,LAC,away,Elite (top 10),0.35,98.24,3.19047619047619,True
Lonzo Ball,3.3333333333333335,2.0,1.3333333333333335,BOS,away,Elite (top 10),0.347,96.59,1.8571428571428577,False
Luguentz Dort,4.666666666666667,0.0,4.666666666666667,BKN,home,Mid (11-20),0.362,96.73,-1.586854460093896,False
Luguentz Dort,4.333333333333333,1.0,3.333333333333333,DET,away,Bad (21-30),0.366,100.27,5.079812206572772,False
Luguentz Dort,4.333333333333333,0.0,4.333333333333333,HOU,away,Mid (11-20),0.357,99.03,1.413145539906104,True
Luke Kennard,5.0,1.0,4.0,UTA,home,Mid (11-20),0.358,100.85,1.7025641025641,False
Luke Kennard,5.0,1.0,4.0,NYK,away,Bad (21-30),0.367,97.64,2.0358974358974358,False
Malik Beasley,6.0,5.0,1.0,CHI,home,Elite (top 10),0.344,103.61,6.467479674796749,True
Malik Beasley,6.333333333333333,5.0,1.333333333333333,LAL,away,Elite (top 10),0.356,98.34,6.467479674796749,False
Malik Beasley,7.0,4.0,3.0,CHI,away,Elite (top 10),0.344,103.61,-1.1991869918699187,True
Malik Monk,4.333333333333333,5.0,-0.666666666666667,SAS,home,Bad (21-30),0.365,100.08,0.7333333333333343,False
Malik Monk,5.333333333333333,4.0,1.333333333333333,HOU,home,Mid (11-20),0.357,99.03,4.399999999999999,False
Malik Monk,5.666666666666667,4.0,1.666666666666667,MEM,away,Mid (11-20),0.36,103.69,4.399999999999999,True
Malik Monk,4.333333333333333,3.0,1.333333333333333,SAS,away,Bad (21-30),0.365,100.08,3.066666666666663,False
Malik Monk,4.0,3.0,1.0,BOS,away,Elite (top 10),0.347,96.59,5.399999999999999,False
Malik Monk,4.333333333333333,2.0,2.333333333333333,POR,home,Mid (11-20),0.361,99.51,4.733333333333334,False
Marcus Smart,3.3333333333333335,1.0,2.3333333333333335,IND,home,Elite (top 10),0.355,100.76,1.6666666666666679,False
Marcus Smart,3.6666666666666665,0.0,3.6666666666666665,DAL,away,Mid (11-20),0.363,100.15,3.0,False
Matas Buzelis,2.6666666666666665,0.0,2.6666666666666665,PHI,home,Bad (21-30),0.378,98.13,0.7416666666666671,False
Matas Buzelis,2.6666666666666665,0.0,2.6666666666666665,MIN,away,Elite (top 10),0.353,97.95,8.741666666666667,False
Matas Buzelis,2.6666666666666665,2.0,0.6666666666666665,LAL,home,Elite (top 10),0.356,98.34,4.074999999999999,False
Matas Buzelis,3.0,5.0,-2.0,DAL,home,Mid (11-20),0.363,100.15,7.408333333333331,False
Matas Buzelis,3.0,2.0,1.0,OKC,away,Elite (top 10),0.342,100.9,10.075,False
Matas Buzelis,3.0,1.0,2.0,TOR,home,Elite (top 10),0.349,100.62,12.408333333333331,True
Matas Buzelis,2.6666666666666665,2.0,0.6666666666666665,POR,home,Mid (11-20),0.361,99.51,13.741666666666664,False
Matas Buzelis,2.6666666666666665,1.0,1.6666666666666665,PHI,away,Bad (21-30),0.378,98.13,12.075,False
Max Christie,2.6666666666666665,1.0,1.6666666666666665,CLE,home,Mid (11-20),0.359,100.31,5.7564102564102555,False
Max Christie,3.0,1.0,2.0,ATL,home,Bad (21-30),0.377,103.41,3.4230769230769234,False
Max Christie,2.6666666666666665,1.0,1.6666666666666665,DAL,away,Mid (11-20),0.363,100.15,7.42307692307692,False
Max Christie,2.6666666666666665,1.0,1.6666666666666665,PHI,away,Bad (21-30),0.378,98.13,5.7564102564102555,False
Max Christie,2.6666666666666665,0.0,2.6666666666666665,BOS,away,Elite (top 10),0.347,96.59,4.423076923076923,False
Max Christie,2.6666666666666665,3.0,-0.3333333333333335,SAC,home,Bad (21-30),0.381,98.91,4.423076923076923,False
Max Christie,2.6666666666666665,3.0,-0.3333333333333335,MIA,home,Mid (11-20),0.36,97.08,8.42307692307692,False
Max Christie,2.6666666666666665,2.0,0.6666666666666665,SAS,away,Bad (21-30),0.365,100.08,8.42307692307692,False
Max Christie,2.6666666666666665,2.0,0.6666666666666665,SAS,away,Bad (21-30),0.365,100.08,5.7564102564102555,False
Max Christie,2.6666666666666665,0.0,2.6666666666666665,HOU,away,Mid (11-20),0.357,99.03,3.0897435897435876,False
Max Strus,4.0,1.0,3.0,BKN,away,Mid (11-20),0.362,96.73,2.8733333333333313,True
Miles Bridges,4.0,0.0,4.0,CHI,away,Elite (top 10),0.344,103.61,-2.703125,False
Miles Bridges,4.0,3.0,1.0,POR,away,Mid (11-20),0.361,99.51,2.6302083333333357,False
Miles Bridges,4.333333333333333,4.0,0.33333333333333304,SAC,away,Bad (21-30),0.381,98.91,-1.703125,True
Miles Bridges,4.0,0.0,4.0,GSW,away,Mid (11-20),0.363,99.37,-2.703125,True
Miles Bridges,3.6666666666666665,5.0,-1.3333333333333335,ATL,away,Bad (21-30),0.377,103.41,5.296875,False
Miles Bridges,4.0,2.0,2.0,SAS,away,Bad (21-30),0.365,100.08,4.630208333333336,False
Miles Bridges,4.0,1.0,3.0,LAC,away,Elite (top 10),0.35,98.24,2.6302083333333357,False
Miles McBride,3.3333333333333335,2.0,1.3333333333333335,CHA,home,Elite (top 10),0.355,98.22,0.046875,False
Miles McBride,3.3333333333333335,1.0,2.3333333333333335,DET,home,Bad (21-30),0.366,100.27,0.38020833333333215,False
Miles McBride,3.3333333333333335,2.0,1.3333333333333335,MIA,home,Mid (11-20),0.36,97.08,11.046875,False
Moritz Wagner,2.0,1.0,1.0,PHI,home,Bad (21-30),0.378,98.13,2.866666666666667,False
Moritz Wagner,2.0,0.0,2.0,OKC,home,Elite (top 10),0.342,100.9,1.8666666666666671,False
Moses Moody,3.3333333333333335,1.0,2.3333333333333335,LAL,home,Elite (top 10),0.356,98.34,5.342342342342345,True
Moses Moody,3.3333333333333335,1.0,2.3333333333333335,DEN,home,Bad (21-30),0.365,100.67,8.675675675675677,False
Mouhamed Gueye,1.6666666666666667,0.0,1.6666666666666667,IND,home,Elite (top 10),0.355,100.76,-0.45454545454545503,False
Myles Turner,4.0,2.0,2.0,SAS,away,Bad (21-30),0.365,100.08,0.13888888888888928,False
Myles Turner,4.0,2.0,2.0,CHI,home,Elite (top 10),0.344,103.61,4.138888888888893,False
Myles Turner,4.0,4.0,0.0,HOU,home,Mid (11-20),0.357,99.03,1.472222222222225,True
Naji Marshall,2.0,2.0,0.0,ATL,away,Bad (21-30),0.377,103.41,-2.4492753623188435,True
Naji Marshall,2.6666666666666665,2.0,0.6666666666666665,NYK,home,Bad (21-30),0.367,97.64,0.2173913043478244,False
Naji Marshall,2.3333333333333335,1.0,1.3333333333333335,UTA,away,Mid (11-20),0.358,100.85,1.5507246376811565,False
Naji Marshall,2.0,1.0,1.0,SAS,away,Bad (21-30),0.365,100.08,9.884057971014489,False
Naz Reid,4.0,4.0,0.0,CLE,home,Mid (11-20),0.359,100.31,-1.5625,False
Naz Reid,4.333333333333333,5.0,-0.666666666666667,MEM,away,Mid (11-20),0.36,103.69,-0.8958333333333321,False
Naz Reid,5.0,2.0,3.0,DAL,away,Mid (11-20),0.363,100.15,0.4375,False
Naz Reid,4.0,2.0,2.0,CHA,away,Elite (top 10),0.355,98.22,10.104166666666664,False
Nick Smith Jr.,4.333333333333333,2.0,2.333333333333333,SAS,home,Bad (21-30),0.365,100.08,11.866666666666664,False
Nick Smith Jr.,3.6666666666666665,3.0,0.6666666666666665,ORL,home,Bad (21-30),0.365,96.51,7.533333333333331,True
Nick Smith Jr.,4.0,1.0,3.0,TOR,away,Elite (top 10),0.349,100.62,6.866666666666667,False
Nickeil Alexander-Walker,3.6666666666666665,2.0,1.6666666666666665,WAS,home,Mid (11-20),0.364,101.82,4.373983739837399,False
Nickeil Alexander-Walker,4.0,0.0,4.0,SAC,home,Bad (21-30),0.381,98.91,10.707317073170731,False
Nickeil Alexander-Walker,4.0,2.0,2.0,OKC,away,Elite (top 10),0.342,100.9,10.373983739837396,True
Nickeil Alexander-Walker,3.3333333333333335,2.0,1.3333333333333335,LAL,away,Elite (top 10),0.356,98.34,12.040650406504067,True
Nicolas Batum,2.3333333333333335,1.0,1.3333333333333335,PHI,away,Bad (21-30),0.378,98.13,1.5128205128205146,False
Nicolas Batum,2.3333333333333335,0.0,2.3333333333333335,IND,home,Elite (top 10),0.355,100.76,2.5128205128205146,True
Nicolas Batum,2.3333333333333335,3.0,-0.6666666666666665,SAC,home,Bad (21-30),0.381,98.91,7.5128205128205146,False
Nicolas Batum,3.0,2.0,1.0,NOP,away,Bad (21-30),0.365,99.77,11.179487179487182,False
Nicolas Batum,3.3333333333333335,2.0,1.3333333333333335,MIA,away,Mid (11-20),0.36,97.08,12.512820512820515,False
Nicolas Batum,2.3333333333333335,3.0,-0.6666666666666665,ATL,away,Bad (21-30),0.377,103.41,12.179487179487182,False
Nicolas Batum,2.3333333333333335,1.0,1.3333333333333335,CHA,home,Elite (top 10),0.355,98.22,10.512820512820515,False
Nikola Jović,3.0,3.0,0.0,PHI,away,Bad (21-30),0.378,98.13,4.782608695652176,False
Nikola Jović,3.6666666666666665,2.0,1.6666666666666665,BKN,away,Mid (11-20),0.362,96.73,7.44927536231884,False
Nikola Jović,3.3333333333333335,2.0,1.3333333333333335,BOS,home,Elite (top 10),0.347,96.59,9.782608695652176,True
Nikola Vučević,3.3333333333333335,0.0,3.3333333333333335,ORL,home,Bad (21-30),0.365,96.51,2.182648401826487,False
Nikola Vučević,3.3333333333333335,2.0,1.3333333333333335,MEM,home,Mid (11-20),0.36,103.69,3.182648401826487,False
Nikola Vučević,3.6666666666666665,2.0,1.6666666666666665,SAS,away,Bad (21-30),0.365,100.08,-0.48401826484018073,True
Nikola Vučević,3.6666666666666665,3.0,0.6666666666666665,IND,home,Elite (top 10),0.355,100.76,1.1826484018264871,False
Nikola Vučević,3.3333333333333335,2.0,1.3333333333333335,LAL,away,Elite (top 10),0.356,98.34,-0.15068493150684859,True
Nikola Vučević,3.3333333333333335,1.0,2.3333333333333335,DEN,away,Bad (21-30),0.365,100.67,-1.8173515981735164,True
Noah Clowney,4.0,1.0,3.0,SAS,home,Bad (21-30),0.365,100.08,6.9492753623188435,False
Noah Clowney,3.6666666666666665,3.0,0.6666666666666665,ORL,away,Bad (21-30),0.365,96.51,5.282608695652176,False
Obi Toppin,3.0,2.0,1.0,PHX,away,Bad (21-30),0.37,98.31,5.430379746835442,False
Obi Toppin,3.0,2.0,1.0,MEM,home,Mid (11-20),0.36,103.69,5.763713080168774,False
Obi Toppin,3.0,3.0,0.0,DAL,home,Mid (11-20),0.363,100.15,11.430379746835442,False
Obi Toppin,4.0,0.0,4.0,BKN,home,Mid (11-20),0.362,96.73,10.763713080168774,False
Obi Toppin,3.3333333333333335,1.0,2.3333333333333335,BKN,home,Mid (11-20),0.362,96.73,9.09704641350211,False
Obi Toppin,3.0,1.0,2.0,WAS,away,Mid (11-20),0.364,101.82,0.7637130801687739,False
Obi Toppin,3.0,2.0,1.0,OKC,away,Elite (top 10),0.342,100.9,0.09704641350210963,True
Ochai Agbaji,3.0,2.0,1.0,MIL,away,Elite (top 10),0.353,99.92,6.432291666666664,False
Ochai Agbaji,3.0,1.0,2.0,DET,home,Bad (21-30),0.366,100.27,7.432291666666664,False
Ochai Agbaji,3.0,1.0,2.0,MIA,home,Mid (11-20),0.36,97.08,0.765625,False
Ochai Agbaji,3.3333333333333335,3.0,0.3333333333333335,IND,home,Elite (top 10),0.355,100.76,5.432291666666664,False
Ochai Agbaji,3.6666666666666665,2.0,1.6666666666666665,SAS,away,Bad (21-30),0.365,100.08,1.765625,False
Onyeka Okongwu,2.0,1.0,1.0,PHI,home,Bad (21-30),0.378,98.13,3.1621621621621614,False
Onyeka Okongwu,2.0,2.0,0.0,HOU,away,Mid (11-20),0.357,99.03,2.1621621621621614,False
Onyeka Okongwu,1.6666666666666667,1.0,0.6666666666666667,MIA,away,Mid (11-20),0.36,97.08,5.828828828828826,False
Onyeka Okongwu,2.0,1.0,1.0,BKN,away,Mid (11-20),0.362,96.73,6.828828828828826,False
Onyeka Okongwu,2.3333333333333335,0.0,2.3333333333333335,PHI,away,Bad (21-30),0.378,98.13,8.828828828828826,True
Patrick Williams,3.3333333333333335,1.0,2.3333333333333335,HOU,home,Mid (11-20),0.357,99.03,9.349206349206352,False
Patrick Williams,3.0,1.0,2.0,ATL,away,Bad (21-30),0.377,103.41,-2.3174603174603163,False
Payton Pritchard,6.0,4.0,2.0,IND,away,Elite (top 10),0.355,100.76,-3.4375,False
Payton Pritchard,5.666666666666667,0.0,5.666666666666667,CHA,away,Elite (top 10),0.355,98.22,0.22916666666666785,False
Payton Pritchard,5.333333333333333,5.0,0.33333333333333304,MIA,home,Mid (11-20),0.36,97.08,1.8958333333333321,False
Payton Pritchard,6.0,4.0,2.0,CHI,home,Elite (top 10),0.344,103.61,4.229166666666664,True
Payton Pritchard,5.333333333333333,2.0,3.333333333333333,CHI,away,Elite (top 10),0.344,103.61,4.229166666666664,False
Payton Pritchard,5.666666666666667,1.0,4.666666666666667,LAL,home,Elite (top 10),0.356,98.34,5.229166666666664,False
Peyton Watson,2.3333333333333335,1.0,1.3333333333333335,NOP,away,Bad (21-30),0.365,99.77,10.965686274509807,False
Peyton Watson,2.3333333333333335,1.0,1.3333333333333335,MEM,away,Mid (11-20),0.36,103.69,9.632352941176471,False
Peyton Watson,2.0,2.0,0.0,MEM,away,Mid (11-20),0.36,103.69,7.965686274509807,False
Peyton Watson,2.3333333333333335,0.0,2.3333333333333335,MIN,home,Elite (top 10),0.353,97.95,-6.367647058823529,False
Peyton Watson,1.6666666666666667,0.0,1.6666666666666667,MIL,home,Elite (top 10),0.353,99.92,4.632352941176471,False
Quentin Grimes,4.666666666666667,1.0,3.666666666666667,MEM,home,Mid (11-20),0.36,103.69,4.466666666666665,False
Quentin Grimes,4.0,3.0,1.0,OKC,away,Elite (top 10),0.342,100.9,8.466666666666669,False
Quentin Grimes,4.333333333333333,4.0,0.33333333333333304,SAS,away,Bad (21-30),0.365,100.08,8.799999999999997,True
Quentin Grimes,5.0,3.0,2.0,ATL,away,Bad (21-30),0.377,103.41,9.799999999999997,False
Quentin Grimes,4.333333333333333,3.0,1.333333333333333,WAS,away,Mid (11-20),0.364,101.82,10.466666666666669,False
Quentin Grimes,4.333333333333333,0.0,4.333333333333333,CHI,home,Elite (top 10),0.344,103.61,7.799999999999997,False
Quinten Post,3.3333333333333335,3.0,0.3333333333333335,ATL,away,Bad (21-30),0.377,103.41,1.3095238095238102,False
Quinten Post,4.333333333333333,1.0,3.333333333333333,MIA,away,Mid (11-20),0.36,97.08,7.9761904761904745,False
Quinten Post,3.3333333333333335,3.0,0.3333333333333335,NOP,away,Bad (21-30),0.365,99.77,4.9761904761904745,False
Ricky Council IV,2.0,1.0,1.0,DEN,away,Bad (21-30),0.365,100.67,6.80821917808219,False
Ricky Council IV,2.3333333333333335,0.0,2.3333333333333335,CHI,away,Elite (top 10),0.344,103.61,10.474885844748858,True
Ricky Council IV,2.0,1.0,1.0,BOS,home,Elite (top 10),0.347,96.59,4.141552511415522,False
Ricky Council IV,1.6666666666666667,0.0,1.6666666666666667,MIA,home,Mid (11-20),0.36,97.08,6.141552511415522,False
Ricky Council IV,2.0,0.0,2.0,OKC,away,Elite (top 10),0.342,100.9,12.80821917808219,False
Ricky Council IV,2.0,0.0,2.0,ATL,away,Bad (21-30),0.377,103.41,7.141552511415522,False
Royce O'Neale,4.666666666666667,5.0,-0.33333333333333304,UTA,away,Mid (11-20),0.358,100.85,5.440000000000001,False
Royce O'Neale,4.666666666666667,3.0,1.666666666666667,POR,home,Mid (11-20),0.361,99.51,5.440000000000001,False
Royce O'Neale,4.666666666666667,3.0,1.666666666666667,DEN,home,Bad (21-30),0.365,100.67,6.106666666666669,False
Royce O'Neale,4.333333333333333,3.0,1.333333333333333,MEM,home,Mid (11-20),0.36,103.69,5.106666666666669,True
Royce O'Neale,4.333333333333333,0.0,4.333333333333333,CHI,away,Elite (top 10),0.344,103.61,10.440000000000001,False
Royce O'Neale,4.333333333333333,1.0,3.333333333333333,NYK,away,Bad (21-30),0.367,97.64,-1.5599999999999987,False
Rui Hachimura,3.6666666666666665,1.0,2.6666666666666665,GSW,home,Mid (11-20),0.363,99.37,1.0395480225988685,False
Russell Westbrook,3.0,1.0,2.0,UTA,away,Mid (11-20),0.358,100.85,-2.253333333333334,True
Russell Westbrook,2.6666666666666665,2.0,0.6666666666666665,GSW,away,Mid (11-20),0.363,99.37,4.746666666666663,False
Russell Westbrook,3.0,1.0,2.0,LAL,away,Elite (top 10),0.356,98.34,7.746666666666663,False
Ryan Dunn,2.3333333333333335,4.0,-1.6666666666666665,LAC,away,Elite (top 10),0.35,98.24,-2.3603603603603602,False
Ryan Dunn,2.6666666666666665,0.0,2.6666666666666665,POR,home,Mid (11-20),0.361,99.51,4.306306306306304,False
Ryan Dunn,2.3333333333333335,2.0,0.3333333333333335,CHI,home,Elite (top 10),0.344,103.61,7.63963963963964,False
Ryan Dunn,2.3333333333333335,2.0,0.3333333333333335,CLE,home,Mid (11-20),0.359,100.31,6.306306306306304,False
Ryan Dunn,2.3333333333333335,2.0,0.3333333333333335,MIL,home,Elite (top 10),0.353,99.92,7.306306306306304,False
Ryan Dunn,2.3333333333333335,0.0,2.3333333333333335,HOU,home,Mid (11-20),0.357,99.03,5.63963963963964,True
Ryan Dunn,3.0,2.0,1.0,SAC,away,Bad (21-30),0.381,98.91,9.63963963963964,True
Sam Hauser,4.666666666666667,3.0,1.666666666666667,PHX,away,Bad (21-30),0.37,98.31,10.62910798122066,False
Sam Hauser,5.0,3.0,2.0,SAS,away,Bad (21-30),0.365,100.08,7.962441314553992,False
Sam Hauser,4.666666666666667,2.0,2.666666666666667,MEM,away,Mid (11-20),0.36,103.69,6.295774647887324,False
Sam Merrill,3.6666666666666665,3.0,0.6666666666666665,BOS,home,Elite (top 10),0.347,96.59,3.5305164319248803,False
Sam Merrill,4.0,2.0,2.0,DET,away,Bad (21-30),0.366,100.27,3.863849765258216,False
Sam Merrill,4.666666666666667,3.0,1.666666666666667,MIN,home,Elite (top 10),0.353,97.95,4.863849765258216,False
Scoot Henderson,3.3333333333333335,2.0,1.3333333333333335,LAC,home,Elite (top 10),0.35,98.24,2.0,False
Scoot Henderson,3.3333333333333335,3.0,0.3333333333333335,HOU,home,Mid (11-20),0.357,99.03,4.0,True
Scoot Henderson,4.333333333333333,3.0,1.333333333333333,CHI,home,Elite (top 10),0.344,103.61,7.333333333333332,False
Scoot Henderson,3.0,1.0,2.0,PHX,home,Bad (21-30),0.37,98.31,3.0,True
Scoot Henderson,3.3333333333333335,1.0,2.3333333333333335,BKN,away,Mid (11-20),0.362,96.73,-1.3333333333333357,True
Scotty Pippen Jr.,2.3333333333333335,1.0,1.3333333333333335,TOR,home,Elite (top 10),0.349,100.62,1.3881856540084385,False
Scotty Pippen Jr.,2.3333333333333335,3.0,-0.6666666666666665,NOP,away,Bad (21-30),0.365,99.77,3.054852320675103,False
Scotty Pippen Jr.,2.3333333333333335,1.0,1.3333333333333335,OKC,away,Elite (top 10),0.342,100.9,-0.27848101265822933,False
Scotty Pippen Jr.,3.0,0.0,3.0,HOU,home,Mid (11-20),0.357,99.03,5.3881856540084385,False
Scotty Pippen Jr.,2.6666666666666665,3.0,-0.3333333333333335,LAL,home,Elite (top 10),0.356,98.34,6.054852320675103,False
Scotty Pippen Jr.,2.6666666666666665,0.0,2.6666666666666665,BOS,home,Elite (top 10),0.347,96.59,3.054852320675103,False
Scotty Pippen Jr.,2.3333333333333335,0.0,2.3333333333333335,MIN,home,Elite (top 10),0.353,97.95,5.054852320675103,False
Seth Curry,2.6666666666666665,1.0,1.6666666666666665,TOR,home,Elite (top 10),0.349,100.62,11.759803921568626,False
Seth Curry,3.0,1.0,2.0,BKN,away,Mid (11-20),0.362,96.73,8.093137254901961,False
Seth Curry,3.3333333333333335,2.0,1.3333333333333335,LAL,away,Elite (top 10),0.356,98.34,8.093137254901961,False
Seth Curry,2.6666666666666665,1.0,1.6666666666666665,DEN,away,Bad (21-30),0.365,100.67,6.4264705882352935,False
Shaedon Sharpe,3.3333333333333335,1.0,2.3333333333333335,HOU,away,Mid (11-20),0.357,99.03,4.111111111111114,False
Shaedon Sharpe,3.3333333333333335,3.0,0.3333333333333335,MIA,home,Mid (11-20),0.36,97.08,4.777777777777779,False
Shaedon Sharpe,3.3333333333333335,1.0,2.3333333333333335,BKN,home,Mid (11-20),0.362,96.73,2.7777777777777786,True
Simone Fontecchio,2.3333333333333335,0.0,2.3333333333333335,MIA,away,Mid (11-20),0.36,97.08,-1.5066666666666677,True
Spencer Dinwiddie,2.6666666666666665,2.0,0.6666666666666665,POR,away,Mid (11-20),0.361,99.51,6.333333333333336,False
Spencer Dinwiddie,3.0,1.0,2.0,TOR,away,Elite (top 10),0.349,100.62,0.0,True
Spencer Dinwiddie,2.6666666666666665,1.0,1.6666666666666665,OKC,away,Elite (top 10),0.342,100.9,-3.333333333333332,False
Spencer Dinwiddie,2.6666666666666665,0.0,2.6666666666666665,CHA,away,Elite (top 10),0.355,98.22,2.333333333333332,False
Spencer Dinwiddie,2.6666666666666665,3.0,-0.3333333333333335,SAC,home,Bad (21-30),0.381,98.91,-1.3333333333333321,False
Spencer Dinwiddie,3.0,0.0,3.0,GSW,home,Mid (11-20),0.363,99.37,2.666666666666668,False
Spencer Dinwiddie,2.6666666666666665,1.0,1.6666666666666665,PHI,home,Bad (21-30),0.378,98.13,8.666666666666664,True
Stephon Castle,2.3333333333333335,2.0,0.3333333333333335,MEM,away,Mid (11-20),0.36,103.69,1.9753086419753103,False
Stephon Castle,2.3333333333333335,0.0,2.3333333333333335,ATL,away,Bad (21-30),0.377,103.41,0.30864197530864246,False
Stephon Castle,2.3333333333333335,1.0,1.3333333333333335,BKN,home,Mid (11-20),0.362,96.73,4.641975308641975,False
Stephon Castle,2.3333333333333335,2.0,0.3333333333333335,SAC,away,Bad (21-30),0.381,98.91,3.6419753086419746,False
Stephon Castle,2.3333333333333335,0.0,2.3333333333333335,MIN,away,Elite (top 10),0.353,97.95,1.6419753086419746,False
Svi Mykhailiuk,4.0,0.0,4.0,NYK,away,Bad (21-30),0.367,97.64,3.359649122807017,True
Svi Mykhailiuk,3.6666666666666665,2.0,1.6666666666666665,OKC,away,Elite (top 10),0.342,100.9,3.692982456140353,False
Tari Eason,2.3333333333333335,4.0,-1.6666666666666665,NOP,away,Bad (21-30),0.365,99.77,2.1052631578947363,False
Tari Eason,3.0,0.0,3.0,NOP,home,Bad (21-30),0.365,99.77,1.7719298245614041,False
Taurean Prince,3.3333333333333335,0.0,3.3333333333333335,HOU,home,Mid (11-20),0.357,99.03,6.887499999999999,False
Taurean Prince,3.3333333333333335,4.0,-0.6666666666666665,LAC,home,Elite (top 10),0.35,98.24,4.887499999999999,False
Taurean Prince,4.0,0.0,4.0,MIA,home,Mid (11-20),0.36,97.08,5.887499999999999,False
Terance Mann,2.3333333333333335,1.0,1.3333333333333335,MEM,away,Mid (11-20),0.36,103.69,5.880597014925375,True
Terance Mann,2.0,4.0,-2.0,MIL,home,Elite (top 10),0.353,99.92,6.880597014925375,False
Terance Mann,2.6666666666666665,1.0,1.6666666666666665,IND,home,Elite (top 10),0.355,100.76,4.213930348258707,False
Terance Mann,2.0,0.0,2.0,IND,home,Elite (top 10),0.355,100.76,2.8805970149253746,False
Terry Rozier,3.3333333333333335,4.0,-0.6666666666666665,NYK,home,Bad (21-30),0.367,97.64,6.473958333333336,False
Terry Rozier,4.0,3.0,1.0,WAS,away,Mid (11-20),0.364,101.82,7.473958333333336,False
Terry Rozier,4.0,3.0,1.0,SAC,home,Bad (21-30),0.381,98.91,7.140625,True
Terry Rozier,3.3333333333333335,1.0,2.3333333333333335,PHX,away,Bad (21-30),0.37,98.31,6.140625,False
Terry Rozier,3.0,4.0,-1.0,BKN,away,Mid (11-20),0.362,96.73,3.807291666666668,False
Tidjane Salaün,2.3333333333333335,0.0,2.3333333333333335,ATL,home,Bad (21-30),0.377,103.41,13.56666666666667,False
Tidjane Salaün,2.3333333333333335,2.0,0.3333333333333335,PHI,home,Bad (21-30),0.378,98.13,10.900000000000002,False
Tim Hardaway Jr.,5.0,2.0,3.0,NYK,away,Bad (21-30),0.367,97.64,1.3852813852813846,True
Tim Hardaway Jr.,4.333333333333333,2.0,2.333333333333333,PHX,home,Bad (21-30),0.37,98.31,4.385281385281388,False
Tim Hardaway Jr.,5.0,5.0,0.0,TOR,away,Elite (top 10),0.349,100.62,5.385281385281388,False
Tim Hardaway Jr.,4.333333333333333,1.0,3.333333333333333,MEM,home,Mid (11-20),0.36,103.69,7.385281385281388,True
Tobias Harris,2.6666666666666665,2.0,0.6666666666666665,MIL,away,Elite (top 10),0.353,99.92,3.730593607305938,False
Tobias Harris,2.6666666666666665,0.0,2.6666666666666665,ORL,away,Bad (21-30),0.365,96.51,-1.2694063926940657,False
Tobias Harris,2.6666666666666665,1.0,1.6666666666666665,NYK,away,Bad (21-30),0.367,97.64,-2.602739726027398,False
Tobias Harris,3.0,1.0,2.0,BOS,away,Elite (top 10),0.347,96.59,1.0639269406392664,False
Tobias Harris,2.6666666666666665,0.0,2.6666666666666665,UTA,home,Mid (11-20),0.358,100.85,-1.2694063926940657,False
Tobias Harris,2.6666666666666665,2.0,0.6666666666666665,POR,home,Mid (11-20),0.361,99.51,3.397260273972602,False
Tobias Harris,2.6666666666666665,1.0,1.6666666666666665,BKN,away,Mid (11-20),0.362,96.73,4.063926940639266,False
Trey Lyles,3.0,3.0,0.0,ATL,home,Bad (21-30),0.377,103.41,13.115942028985504,False
Trey Lyles,3.0,1.0,2.0,LAC,away,Elite (top 10),0.35,98.24,18.44927536231884,False
Trey Lyles,3.0,0.0,3.0,BKN,home,Mid (11-20),0.362,96.73,10.782608695652172,True
Trey Lyles,3.6666666666666665,1.0,2.6666666666666665,GSW,away,Mid (11-20),0.363,99.37,5.44927536231884,False
Trey Lyles,3.0,1.0,2.0,MIA,home,Mid (11-20),0.36,97.08,6.115942028985508,True
Tristan da Silva,3.0,0.0,3.0,UTA,home,Mid (11-20),0.358,100.85,9.626126126126128,False
Tristan da Silva,2.6666666666666665,0.0,2.6666666666666665,POR,away,Mid (11-20),0.361,99.51,7.6261261261261275,True
Ty Jerome,3.6666666666666665,4.0,-0.3333333333333335,TOR,home,Elite (top 10),0.349,100.62,7.80952380952381,True
Ty Jerome,3.6666666666666665,2.0,1.6666666666666665,ATL,home,Bad (21-30),0.377,103.41,6.4761904761904745,False
Ty Jerome,4.333333333333333,0.0,4.333333333333333,ATL,away,Bad (21-30),0.377,103.41,5.142857142857142,True
Ty Jerome,4.0,0.0,4.0,HOU,home,Mid (11-20),0.357,99.03,6.142857142857142,False
Ty Jerome,3.6666666666666665,1.0,2.6666666666666665,DET,home,Bad (21-30),0.366,100.27,5.4761904761904745,False
Ty Jerome,3.3333333333333335,2.0,1.3333333333333335,BOS,away,Elite (top 10),0.347,96.59,1.1428571428571423,True
Tyrese Martin,3.3333333333333335,2.0,1.3333333333333335,ORL,home,Bad (21-30),0.365,96.51,-6.200000000000001,False
Tyrese Martin,3.6666666666666665,0.0,3.6666666666666665,ORL,home,Bad (21-30),0.365,96.51,1.8000000000000007,True
Tyrese Martin,3.3333333333333335,3.0,0.3333333333333335,CHI,away,Elite (top 10),0.344,103.61,-1.533333333333335,False
Tyrese Martin,3.3333333333333335,1.0,2.3333333333333335,BOS,home,Elite (top 10),0.347,96.59,1.466666666666665,False
Tyus Jones,3.6666666666666665,5.0,-1.3333333333333335,UTA,away,Mid (11-20),0.358,100.85,3.518518518518519,False
Tyus Jones,4.333333333333333,3.0,1.333333333333333,POR,home,Mid (11-20),0.361,99.51,4.851851851851855,False
Tyus Jones,4.333333333333333,1.0,3.333333333333333,IND,home,Elite (top 10),0.355,100.76,5.851851851851851,False
Tyus Jones,4.333333333333333,2.0,2.333333333333333,LAL,away,Elite (top 10),0.356,98.34,-2.481481481481481,False
Tyus Jones,3.6666666666666665,4.0,-0.3333333333333335,TOR,home,Elite (top 10),0.349,100.62,-4.148148148148145,False
Tyus Jones,4.0,2.0,2.0,CHI,home,Elite (top 10),0.344,103.61,-1.814814814814813,True
Vasilije Micic,2.6666666666666665,1.0,1.6666666666666665,CHI,away,Elite (top 10),0.344,103.61,15.49593495934959,False
Vasilije Micic,2.6666666666666665,2.0,0.6666666666666665,LAC,home,Elite (top 10),0.35,98.24,9.162601626016258,False
Vít Krejčí,4.0,0.0,4.0,MIN,away,Elite (top 10),0.353,97.95,7.438596491228072,True
Vít Krejčí,3.3333333333333335,1.0,2.3333333333333335,ORL,away,Bad (21-30),0.365,96.51,-0.561403508771928,False
Wendell Carter Jr.,1.3333333333333333,0.0,1.3333333333333333,MIN,home,Elite (top 10),0.353,97.95,-4.882352941176471,False
Wendell Carter Jr.,1.3333333333333333,0.0,1.3333333333333333,MIL,home,Elite (top 10),0.353,99.92,-4.882352941176471,False
Wendell Carter Jr.,1.3333333333333333,0.0,1.3333333333333333,TOR,away,Elite (top 10),0.349,100.62,7.117647058823529,False
Wendell Carter Jr.,1.3333333333333333,1.0,0.33333333333333326,LAL,home,Elite (top 10),0.356,98.34,1.7843137254901968,True
Wendell Carter Jr.,1.3333333333333333,1.0,0.33333333333333326,DAL,home,Mid (11-20),0.363,100.15,3.117647058823529,False
Wendell Carter Jr.,1.6666666666666667,0.0,1.6666666666666667,LAC,home,Elite (top 10),0.35,98.24,-2.215686274509803,True
Wendell Carter Jr.,1.3333333333333333,1.0,0.33333333333333326,SAS,away,Bad (21-30),0.365,100.08,-0.5490196078431389,False
Wendell Carter Jr.,1.3333333333333333,0.0,1.3333333333333333,WAS,away,Mid (11-20),0.364,101.82,-3.882352941176471,False
Zaccharie Risacher,3.3333333333333335,2.0,1.3333333333333335,DET,away,Bad (21-30),0.366,100.27,0.08000000000000185,False
Zaccharie Risacher,3.3333333333333335,0.0,3.3333333333333335,SAS,home,Bad (21-30),0.365,100.08,2.080000000000002,False
Zaccharie Risacher,3.3333333333333335,0.0,3.3333333333333335,HOU,away,Mid (11-20),0.357,99.03,2.080000000000002,False
Zaccharie Risacher,3.3333333333333335,0.0,3.3333333333333335,PHI,away,Bad (21-30),0.378,98.13,-0.25333333333333385,True
Ziaire Williams,4.0,1.0,3.0,POR,home,Mid (11-20),0.361,99.51,6.49206349206349,False
Ziaire Williams,3.6666666666666665,0.0,3.6666666666666665,DET,away,Bad (21-30),0.366,100.27,-0.17460317460317754,False
Ziaire Williams,4.333333333333333,2.0,2.333333333333333,DAL,home,Mid (11-20),0.363,100.15,8.158730158730155,False
Ziaire Williams,3.6666666666666665,2.0,1.6666666666666665,TOR,home,Elite (top 10),0.349,100.62,3.8253968253968225,True
Ziaire Williams,3.3333333333333335,1.0,2.3333333333333335,LAC,home,Elite (top 10),0.35,98.24,3.4920634920634903,True
